batch_id,tensile_strength_MPa,machine_temperature_C,cycle_time_sec,inter_failure_hours,defects_per_batch,surface_defects_per_m2,pass_fail,items_passed_per_lot50,sensor_voltage_V,raw_material_purity_pct,load_stress_MPa,humidity_pct
1,528.94,180.27,29.86,117.12,2,1,1,47,3.3632,99.051,293.51,40.76
2,517.51,183.99,4.02,9.28,4,1,1,49,3.7108,98.041,338.07,38.54
3,531.66,179.45,161.65,84.07,2,0,1,45,3.4365,98.826,288.55,46.17
4,547.41,182.84,32.84,24.2,2,1,1,48,3.6258,97.72,322.36,46.41
5,515.79,171.74,42.86,102.39,3,3,1,48,3.2886,97.139,277.01,49.94
6,515.79,186.49,12.15,121.74,1,1,0,47,3.6535,98.69,278.4,47.21
7,548.43,185.01,29.73,97.62,4,1,1,46,3.5294,98.622,320.62,49.47
8,533.81,179.28,25.23,160.86,1,1,1,48,3.3612,99.004,302.6,38.07
9,511.55,189.61,3.5,49.07,3,3,1,47,3.4967,98.54,284.29,53.76
10,529.77,191.56,5.05,173.83,2,4,1,46,3.6182,97.392,330.9,51.49
11,511.66,173.75,81.76,68.04,2,2,1,46,3.2071,99.133,318.17,42.35
12,511.62,179.66,12.34,79.44,5,4,1,50,3.5825,98.568,263.19,41.06
13,524.36,179.62,9.76,125.33,7,2,1,46,3.525,99.019,331.11,48.73
14,485.56,178.42,31.64,2.22,5,1,1,46,3.3322,98.935,286.59,37.19
15,488.95,190.81,65.89,127.36,4,2,1,47,3.6518,97.745,272.43,41.32
16,509.88,183.64,2.88,115.66,4,1,1,47,3.3821,97.186,291.95,39.86
17,501.77,183.15,38.7,44.5,2,0,1,44,3.3661,97.441,309.08,44.52
18,525.66,170.97,5.71,10.76,4,1,1,48,3.4827,97.232,311.7,42.78
19,503.66,189.45,1.67,11.44,3,5,1,50,3.6057,97.609,274.03,41.07
20,494.58,176.33,2.44,308.02,1,1,1,48,3.7573,98.149,278.91,40.58
21,546.38,185.42,80.85,140.26,2,2,0,50,3.2848,99.267,293.26,41.8
22,515.94,186.94,5.65,16.31,6,2,1,48,3.4379,99.18,294.67,39.05
23,521.22,194.52,2.08,52.94,4,3,0,47,3.2402,98.796,326.76,47.71
24,494.35,175.84,25.92,107.72,1,3,1,48,3.6551,97.06,300.91,50.63
25,510.2,163.86,83.6,216.63,2,1,1,47,3.4686,97.853,326.34,47.01
26,522.0,186.29,13.7,5.36,0,3,1,46,3.6242,98.706,334.11,51.91
27,499.28,197.6,24.65,32.4,1,1,1,48,3.3933,97.323,322.22,40.8
28,526.76,193.67,1.83,264.6,3,3,1,45,3.7066,99.003,242.37,41.26
29,509.19,186.47,26.83,1.1,2,5,1,49,3.5209,99.286,303.31,47.21
30,514.75,181.56,38.78,26.99,4,2,1,46,3.7662,97.885,306.34,47.86
31,509.17,190.65,38.07,383.37,3,1,1,46,3.2473,98.765,308.8,45.08
32,553.34,178.19,18.18,114.04,3,0,1,48,3.5086,97.371,264.19,44.88
33,519.76,188.33,17.06,36.4,6,1,1,48,3.6599,98.727,293.19,39.67
34,500.96,188.54,5.07,8.32,2,3,1,48,3.5601,97.054,280.03,31.7
35,534.81,192.42,20.56,3.43,6,4,1,46,3.2139,97.377,289.62,47.79
36,498.02,204.32,4.72,33.68,1,1,1,46,3.7834,98.775,304.31,49.91
37,523.76,187.75,65.47,255.93,4,4,1,48,3.379,98.78,293.69,42.82
38,484.73,181.44,152.53,64.52,1,2,1,47,3.3496,98.603,291.23,42.24
39,496.09,184.82,157.91,152.9,4,0,1,49,3.4914,98.193,305.64,41.71
40,523.54,172.62,90.14,300.54,4,3,1,48,3.5253,98.687,299.17,43.12
41,533.29,180.14,41.32,62.92,4,0,1,42,3.6598,98.935,314.39,50.03
42,523.08,182.14,54.31,25.48,1,3,1,49,3.436,99.416,300.76,40.33
43,517.92,181.33,15.11,87.36,4,2,1,45,3.464,99.222,275.51,48.23
44,514.58,186.07,44.84,286.43,4,5,1,46,3.521,98.986,287.32,42.51
45,493.39,179.24,27.37,195.79,1,4,1,44,3.4366,98.737,302.78,35.03
46,507.04,192.85,29.6,8.17,2,2,1,49,3.7487,98.435,300.14,43.28
47,511.71,185.0,63.81,141.54,2,3,1,49,3.7108,97.302,278.9,53.2
48,539.03,184.93,14.9,101.81,2,1,1,50,3.473,97.414,324.88,41.57
49,526.19,182.7,17.23,285.62,4,2,1,47,3.2001,99.051,316.87,43.81
50,488.27,186.09,116.35,15.68,0,1,1,47,3.7406,99.008,296.78,45.04
51,525.83,190.78,2.6,91.64,2,5,1,49,3.2746,98.536,306.4,45.99
52,513.07,178.93,29.92,253.9,2,1,1,46,3.3467,98.097,286.42,52.71
53,507.82,180.39,109.78,63.32,3,1,0,48,3.2914,97.065,328.77,41.04
54,531.01,182.87,42.41,78.93,2,1,1,49,3.3079,97.818,355.52,45.05
55,538.56,175.58,35.57,8.77,0,1,1,48,3.6817,98.052,295.82,48.79
56,536.76,179.27,12.93,39.11,3,0,1,49,3.5477,98.215,336.93,41.43
57,504.89,181.67,18.92,47.08,5,2,1,49,3.7737,99.323,291.06,45.37
58,514.43,191.12,85.99,348.32,4,1,1,48,3.3389,97.272,298.3,49.91
59,525.96,186.84,36.86,39.87,4,3,1,46,3.4914,98.297,341.54,42.4
60,537.56,186.36,32.54,74.14,3,2,1,46,3.7865,97.92,307.36,44.13
61,511.37,190.96,4.72,133.51,2,2,1,48,3.6959,99.475,325.11,39.24
62,516.66,184.04,0.73,21.23,2,2,1,47,3.6372,99.155,304.07,49.73
63,500.09,187.73,149.2,79.97,2,1,1,47,3.3134,98.097,270.34,45.79
64,498.47,184.28,21.29,160.98,2,0,1,48,3.6616,99.499,361.42,42.87
65,534.63,186.86,41.6,241.96,4,1,1,47,3.4085,98.285,305.23,43.46
66,544.41,180.92,3.74,118.1,3,2,0,47,3.5183,97.418,313.43,44.95
67,518.7,167.93,51.71,132.7,3,0,1,47,3.5655,98.39,293.88,46.67
68,538.06,184.06,121.35,16.2,5,4,1,47,3.5656,97.566,327.16,41.74
69,526.51,194.96,38.58,349.76,3,1,1,47,3.6359,98.591,325.54,42.13
70,508.39,191.48,6.07,17.07,5,3,1,48,3.597,99.344,275.74,43.68
71,526.51,191.76,39.22,178.82,5,3,1,46,3.241,98.965,313.76,45.76
72,547.68,193.65,65.43,36.92,2,1,1,49,3.4744,97.683,329.3,53.03
73,519.36,185.62,23.47,325.43,0,1,1,46,3.5984,97.742,336.41,40.99
74,548.16,186.38,95.35,152.74,4,1,1,48,3.3776,97.173,324.22,36.74
75,472.84,180.68,47.07,168.2,3,3,1,49,3.3878,97.715,326.16,52.0
76,534.79,182.79,103.28,29.67,2,1,1,47,3.2747,97.232,298.12,40.61
77,521.57,189.31,43.96,70.23,4,2,1,48,3.4512,98.249,282.96,52.34
78,514.62,193.43,6.33,115.42,0,0,1,46,3.7921,98.771,303.16,51.22
79,521.65,184.02,16.68,176.35,1,1,1,48,3.3712,98.878,282.46,47.72
80,484.22,181.85,10.14,13.17,2,3,0,47,3.5189,97.149,293.74,51.08
81,516.05,185.0,107.77,393.58,2,2,1,48,3.6459,97.85,293.41,35.84
82,526.43,189.21,64.3,265.11,2,3,1,49,3.2081,97.72,289.3,38.24
83,546.6,174.89,50.77,37.82,4,2,1,48,3.7403,97.261,321.71,46.42
84,510.67,168.93,16.11,207.63,5,1,1,47,3.4319,97.906,287.72,43.07
85,505.45,181.15,9.15,87.66,0,1,1,47,3.7215,97.748,350.38,41.07
86,510.97,176.46,63.56,74.34,0,2,1,47,3.2234,98.586,331.76,49.04
87,536.48,181.44,28.92,45.3,2,1,1,44,3.2874,99.208,336.17,46.29
88,525.92,183.97,11.52,104.38,3,2,1,47,3.3935,98.137,294.84,50.25
89,510.46,181.83,43.14,157.07,1,1,1,45,3.4073,98.867,314.41,43.14
90,529.24,195.17,1.85,63.51,2,5,1,49,3.7087,97.365,287.06,44.92
91,521.75,187.29,17.77,119.06,1,1,1,50,3.2067,99.237,314.78,52.7
92,537.44,187.1,28.45,144.2,2,2,1,48,3.5847,97.381,271.11,38.58
93,507.36,189.36,7.21,149.01,1,5,1,49,3.2788,97.48,333.37,44.57
94,514.1,177.03,187.96,6.4,3,2,1,48,3.6939,97.266,295.81,40.63
95,512.94,192.27,10.56,235.72,6,0,1,48,3.6671,97.774,316.66,53.48
96,493.66,184.47,6.29,73.55,4,3,1,47,3.5,98.381,320.75,57.03
97,525.33,189.69,10.24,36.53,2,2,1,47,3.3276,99.47,297.81,46.05
98,524.7,177.5,65.95,33.21,2,1,1,44,3.5807,98.983,292.44,47.46
99,520.09,174.12,24.94,79.17,0,0,1,46,3.2938,97.951,307.36,44.48
100,515.78,190.73,37.5,261.47,2,1,1,49,3.314,98.44,327.67,44.29
101,494.52,187.63,0.96,57.04,2,3,1,48,3.576,98.558,306.77,45.42
102,512.43,178.69,1.58,166.22,0,3,1,49,3.7947,99.057,323.27,38.26
103,513.83,178.91,26.56,12.22,3,2,1,49,3.7346,98.841,327.47,48.3
104,505.56,192.88,76.34,77.56,2,0,1,47,3.5559,98.423,305.77,40.07
105,517.1,176.67,97.42,574.78,2,2,1,47,3.5231,98.673,307.52,43.23
106,527.27,196.5,4.08,176.59,3,1,1,49,3.799,98.865,313.05,45.17
107,553.95,178.7,34.78,28.37,1,3,1,47,3.5284,97.333,335.13,41.19
108,523.14,189.47,110.0,83.52,7,0,1,47,3.4521,97.501,302.45,47.99
109,524.64,182.7,22.09,31.93,3,1,1,50,3.7457,98.721,335.03,42.62
110,518.66,189.22,79.62,63.23,5,3,1,48,3.3405,99.126,315.61,50.33
111,485.46,181.19,6.46,181.74,1,2,1,46,3.2585,98.023,293.79,40.64
112,519.52,183.86,123.28,177.0,4,2,1,48,3.5805,99.45,309.08,44.17
113,521.08,185.29,62.64,31.07,1,2,1,48,3.2575,97.54,285.35,39.64
114,564.34,177.98,127.62,306.47,2,1,1,49,3.4239,98.042,280.39,49.91
115,516.54,190.19,50.8,107.75,1,1,1,49,3.4541,97.946,323.35,43.45
116,525.43,181.41,20.32,57.35,3,2,1,49,3.5285,99.326,327.55,42.21
117,519.38,183.4,125.26,83.64,3,1,1,46,3.795,97.713,309.27,44.05
118,498.96,178.04,14.51,111.49,4,4,1,49,3.3326,98.177,311.05,44.45
119,540.57,167.06,18.17,98.49,2,3,1,48,3.4255,97.468,297.31,47.03
120,533.53,183.66,54.3,79.96,2,2,1,50,3.2793,98.303,313.74,47.7
121,534.24,201.89,65.23,84.37,3,4,1,46,3.5646,99.144,353.59,44.24
122,503.63,190.49,119.28,23.29,3,3,1,50,3.6366,97.76,332.21,44.8
123,545.25,184.87,10.31,201.03,3,2,1,48,3.4892,99.027,308.33,29.47
124,494.77,183.16,71.98,93.64,2,3,1,47,3.3475,99.278,306.41,42.74
125,530.56,185.16,60.37,16.86,2,2,1,48,3.5725,97.182,301.72,52.15
126,559.43,188.83,2.97,174.37,4,3,1,48,3.5235,98.891,278.96,47.24
127,502.17,176.73,22.04,323.38,2,2,1,49,3.3027,97.638,299.38,39.63
128,509.81,192.8,14.96,353.19,2,3,1,46,3.4434,97.438,324.83,43.06
129,521.79,190.01,16.34,55.26,2,1,1,44,3.4611,98.503,289.5,42.02
130,510.94,190.03,183.21,17.47,1,1,1,48,3.7896,98.764,303.84,50.35
131,492.09,188.07,46.32,87.68,0,6,1,50,3.7096,97.987,285.4,49.84
132,521.23,185.14,56.91,14.34,2,0,1,50,3.6406,97.098,327.28,41.09
133,500.88,189.71,169.01,326.15,5,1,1,47,3.7333,99.272,281.99,45.05
134,528.52,189.14,21.31,24.34,4,3,1,47,3.6413,98.827,323.04,39.33
135,503.45,182.52,72.84,34.97,3,1,1,46,3.742,97.679,332.63,41.87
136,547.9,180.98,25.65,62.63,5,1,1,47,3.2327,98.242,302.89,42.05
137,505.9,185.71,91.65,57.98,0,1,1,45,3.4736,97.069,294.89,41.49
138,514.2,195.84,8.97,189.97,0,0,1,46,3.6481,97.848,320.45,46.83
139,534.64,176.33,132.77,73.13,3,1,1,46,3.55,98.306,345.25,51.75
140,497.84,174.73,11.11,22.47,0,2,1,48,3.3051,98.293,339.52,44.7
141,524.09,186.15,17.77,37.31,1,1,1,48,3.4043,97.52,308.38,39.73
142,543.53,185.36,63.51,85.39,1,2,1,48,3.3907,98.942,290.57,46.04
143,491.07,186.21,22.52,19.14,3,0,1,48,3.3568,97.747,304.89,46.05
144,523.32,186.71,42.17,113.5,3,1,1,47,3.4059,98.451,272.82,44.06
145,524.68,183.44,26.46,100.1,2,2,1,49,3.5089,97.679,297.77,54.3
146,534.07,195.43,61.03,150.51,2,0,1,47,3.7129,98.063,319.91,46.22
147,497.73,173.79,11.66,333.1,2,1,0,48,3.6452,97.519,301.91,47.87
148,496.23,179.2,2.71,292.0,0,4,1,47,3.7011,98.583,296.79,33.79
149,529.39,184.28,16.05,350.42,2,0,1,49,3.7302,98.064,308.78,40.19
150,525.35,173.5,28.94,33.68,4,1,1,48,3.4497,97.04,304.07,47.57
151,524.51,183.77,8.28,16.93,4,1,1,49,3.4076,97.07,326.62,46.42
152,526.24,196.63,19.72,43.19,5,1,1,46,3.2346,98.178,280.81,43.11
153,507.76,185.15,22.99,270.55,1,0,0,48,3.7583,97.458,321.58,47.27
154,524.18,186.61,2.66,429.3,3,2,1,49,3.2395,98.463,308.98,49.64
155,525.28,176.18,39.39,235.36,2,3,1,50,3.6447,98.02,319.55,42.64
156,507.14,180.69,97.07,13.99,1,2,1,47,3.4269,98.636,279.44,41.88
157,553.58,182.37,7.41,353.47,1,1,1,49,3.7693,99.381,329.43,43.72
158,528.53,182.78,40.99,66.06,2,3,1,43,3.4518,98.322,321.95,47.49
159,498.56,193.97,49.18,1.12,1,4,1,48,3.69,98.968,346.81,42.14
160,531.82,188.9,24.46,70.09,1,0,0,48,3.3696,98.883,291.68,49.26
161,502.46,177.22,54.34,5.66,2,1,0,47,3.3795,99.304,297.13,42.59
162,534.17,186.73,23.8,94.2,1,3,1,49,3.5573,97.535,270.75,42.2
163,540.85,188.49,31.61,49.6,4,2,1,46,3.7988,99.068,291.88,56.73
164,505.23,192.98,0.33,76.97,1,3,1,48,3.5105,99.264,341.55,38.83
165,537.34,196.06,52.95,113.97,1,0,1,43,3.7618,97.982,316.49,48.91
166,527.43,177.89,48.72,243.72,3,3,1,47,3.6717,97.785,294.02,35.97
167,534.8,179.32,1.76,130.13,3,2,1,46,3.6775,99.38,312.93,48.29
168,554.14,176.2,20.67,68.31,1,3,1,50,3.4616,98.569,308.65,58.46
169,515.58,183.36,173.91,205.39,2,2,1,48,3.4319,97.952,268.0,50.29
170,506.43,188.26,24.57,283.2,3,1,1,47,3.3152,98.98,271.98,51.69
171,503.99,191.91,31.37,15.31,2,0,1,47,3.7784,97.761,334.35,44.52
172,505.32,184.47,108.32,91.1,3,1,1,49,3.7756,97.441,326.21,49.71
173,518.61,182.76,56.85,40.17,3,4,1,48,3.6482,98.36,277.34,46.24
174,526.14,186.06,39.26,5.78,3,2,1,49,3.3778,98.416,307.21,55.13
175,524.98,179.15,71.93,132.51,2,5,1,47,3.3471,99.064,294.25,39.47
176,534.89,199.63,89.9,238.33,5,3,1,48,3.7932,98.143,333.95,50.94
177,520.23,173.75,27.47,21.34,3,1,1,48,3.2399,99.036,319.85,47.14
178,546.16,186.29,29.01,200.82,4,1,1,49,3.7061,97.778,285.7,40.44
179,515.24,199.17,21.95,230.4,1,3,1,48,3.4133,98.438,312.65,43.63
180,568.96,185.05,153.11,294.88,0,3,1,49,3.4513,97.521,309.1,37.0
181,531.26,183.67,53.76,36.99,3,3,1,44,3.6992,97.964,309.16,28.68
182,504.57,182.5,3.91,281.15,2,1,1,49,3.2544,99.144,298.78,39.0
183,500.72,183.74,89.44,46.4,2,1,1,45,3.4125,97.54,310.55,43.06
184,528.68,194.61,29.48,96.45,1,3,1,48,3.7712,99.026,291.28,45.41
185,515.98,169.52,3.21,6.22,5,0,1,48,3.6194,97.707,283.87,38.45
186,532.85,195.73,35.9,5.38,3,1,1,49,3.653,97.086,282.58,43.42
187,528.52,175.03,24.29,152.92,1,3,1,47,3.6545,97.275,286.92,46.18
188,518.69,183.13,94.58,70.54,6,2,1,47,3.2363,98.865,319.29,42.12
189,504.76,182.0,10.27,35.53,2,3,1,48,3.3219,97.655,319.89,39.6
190,492.73,189.12,78.81,25.35,0,2,1,50,3.4948,98.635,342.13,41.34
191,511.96,173.81,36.71,133.02,5,1,1,45,3.4209,98.748,304.97,51.68
192,535.42,188.24,2.53,0.05,0,2,1,44,3.4465,97.863,325.43,36.37
193,523.85,199.17,160.65,196.72,2,1,1,48,3.6689,98.187,311.04,50.77
194,497.58,175.46,32.34,9.91,3,5,1,47,3.2088,98.009,316.59,51.83
195,523.12,186.33,15.47,25.51,2,3,1,48,3.5963,99.368,327.78,43.22
196,526.94,180.37,28.52,58.58,2,1,1,48,3.2001,97.8,322.81,47.3
197,504.09,187.98,87.79,79.6,7,2,1,49,3.2378,97.458,312.39,41.1
198,522.77,185.13,16.37,52.62,2,3,0,48,3.445,97.914,296.5,46.34
199,521.05,180.51,9.63,46.41,5,3,1,46,3.7046,98.674,316.07,56.13
200,499.43,188.42,6.22,398.63,3,5,1,50,3.287,98.743,340.01,51.36
201,526.44,197.63,15.91,123.13,3,0,1,47,3.5328,99.31,313.86,42.48
202,530.09,183.66,68.15,2.85,2,1,1,46,3.6071,99.204,301.3,38.4
203,539.49,190.04,28.71,67.49,2,0,1,49,3.3377,97.721,328.07,43.53
204,538.97,175.95,11.61,249.54,2,4,1,49,3.5074,98.138,279.53,46.37
205,495.2,178.3,8.18,43.05,5,0,1,46,3.7468,98.868,302.08,48.61
206,503.12,188.31,18.21,11.92,2,1,0,49,3.5073,99.291,288.42,44.45
207,529.27,195.39,126.55,170.45,5,1,1,49,3.2944,97.843,307.33,53.93
208,529.25,187.49,18.91,111.77,5,2,1,48,3.5767,98.111,337.42,45.16
209,529.27,182.81,199.5,101.36,2,0,1,48,3.5553,99.249,324.1,42.62
210,589.35,185.0,29.88,6.61,3,3,1,46,3.2162,97.896,268.9,47.62
211,530.28,176.25,8.88,18.17,4,3,1,47,3.2544,98.201,296.39,48.5
212,540.44,189.23,99.8,116.92,3,2,1,48,3.2941,99.261,277.02,41.19
213,537.17,191.18,27.76,27.96,2,1,1,48,3.2818,99.006,333.28,40.31
214,531.73,181.84,55.65,84.16,6,3,1,45,3.3557,97.609,297.19,36.79
215,514.33,181.71,185.28,94.46,1,2,1,49,3.4725,97.812,311.67,43.56
216,533.66,186.86,2.32,40.01,3,2,1,49,3.423,97.882,312.73,51.08
217,506.09,181.94,4.58,355.77,3,2,0,44,3.7344,99.282,314.53,48.33
218,515.74,184.54,57.36,221.77,3,1,1,45,3.5673,99.497,246.36,50.62
219,511.26,199.7,14.9,153.78,2,4,1,49,3.7257,98.935,317.94,41.73
220,521.47,183.27,9.17,9.74,5,0,1,49,3.5162,98.211,297.93,44.18
221,561.66,182.49,1.81,13.46,2,1,0,48,3.2539,97.025,328.61,35.47
222,486.39,180.47,0.99,81.46,1,0,1,50,3.478,98.744,314.46,50.04
223,532.35,190.21,67.02,21.02,2,2,1,47,3.6932,97.973,323.9,51.71
224,490.97,183.73,6.5,459.46,1,5,1,49,3.3165,98.582,293.98,39.67
225,511.51,180.45,28.38,20.71,0,4,1,50,3.2547,98.517,285.16,53.13
226,539.6,194.25,41.9,80.21,3,1,1,48,3.3977,98.202,329.59,43.83
227,521.16,194.94,25.17,54.33,3,1,1,45,3.4333,99.361,322.39,39.58
228,500.6,180.8,1.24,122.39,4,3,1,48,3.3838,97.058,314.89,43.42
229,507.12,171.93,68.86,16.58,1,1,1,48,3.2811,98.78,314.86,48.14
230,532.23,192.05,0.48,67.52,3,0,1,42,3.3505,98.025,319.25,44.73
231,506.85,180.21,64.58,38.54,3,3,1,48,3.6094,98.784,281.57,42.11
232,523.9,190.53,100.7,262.44,0,1,1,48,3.4316,98.688,333.66,47.96
233,520.82,171.21,25.52,4.97,1,5,1,48,3.5795,97.026,306.61,48.42
234,508.27,191.25,34.51,294.03,4,4,1,49,3.5218,97.713,307.24,44.13
235,558.59,176.52,29.17,214.77,1,2,1,48,3.5294,97.473,300.8,43.22
236,531.41,190.12,22.18,42.39,2,1,1,48,3.3491,97.417,255.67,42.27
237,483.55,185.1,98.29,186.87,3,2,1,49,3.5129,98.821,322.65,47.39
238,523.36,178.32,100.97,3.81,1,3,1,49,3.2142,97.599,288.04,36.98
239,508.09,182.15,18.41,408.86,3,3,1,48,3.459,98.187,312.38,41.19
240,535.34,189.8,42.96,89.74,2,1,1,48,3.5436,97.617,291.96,44.19
241,505.73,185.74,117.72,43.36,5,2,1,50,3.3092,98.451,302.44,41.06
242,517.93,189.09,147.23,54.04,1,1,1,49,3.3539,98.801,301.22,46.27
243,529.09,198.84,32.01,8.25,1,5,1,45,3.3317,97.828,291.45,45.82
244,535.58,174.05,27.13,545.06,5,2,1,47,3.2423,98.508,305.03,57.4
245,498.39,196.32,14.7,4.81,0,2,1,50,3.4087,99.062,299.42,41.19
246,513.98,185.73,143.6,127.67,2,2,1,47,3.7874,97.236,287.11,44.94
247,511.45,178.71,6.93,70.17,2,2,1,50,3.4123,98.777,335.8,40.22
248,508.24,175.69,39.02,356.91,3,4,1,47,3.4763,97.808,292.37,54.7
249,551.78,183.68,14.94,33.88,1,0,1,47,3.5919,97.307,322.37,53.51
250,527.29,191.45,14.72,91.14,4,3,1,47,3.5891,98.364,324.7,37.16
251,497.3,184.11,23.36,79.02,4,0,1,47,3.7699,97.566,330.33,44.18
252,536.52,195.58,302.38,145.63,2,1,1,49,3.7145,99.053,298.0,45.18
253,558.2,174.84,2.54,8.45,2,7,1,47,3.6764,97.107,305.63,43.3
254,538.58,184.92,38.88,25.85,2,2,1,49,3.771,97.247,306.31,42.58
255,492.65,176.23,3.88,28.98,2,3,1,48,3.3385,98.302,321.6,48.85
256,511.28,187.55,7.55,160.8,5,1,1,45,3.5702,98.472,304.67,53.94
257,542.8,191.21,26.06,25.16,4,1,1,48,3.7323,98.825,320.09,49.04
258,507.26,182.05,32.14,102.25,0,2,1,44,3.5745,97.648,304.37,49.32
259,527.99,166.77,13.48,29.09,3,1,1,49,3.7865,99.104,334.58,43.23
260,533.94,186.39,17.12,237.33,3,0,1,48,3.2602,99.383,309.74,50.09
261,503.32,188.06,4.09,342.06,2,1,1,50,3.4636,98.248,307.09,50.07
262,518.93,187.83,16.26,87.7,2,1,1,47,3.7864,98.901,317.47,42.63
263,461.66,193.65,152.91,52.12,3,0,1,49,3.4277,98.312,345.98,43.83
264,501.56,177.5,130.28,32.0,6,2,1,49,3.6437,97.174,296.69,37.12
265,515.45,189.76,18.35,6.13,1,3,1,49,3.2182,97.815,332.87,38.24
266,497.54,193.35,38.07,37.52,0,2,1,47,3.6169,97.219,292.01,42.83
267,549.38,172.55,108.16,127.44,1,7,1,49,3.7608,99.472,310.96,39.65
268,494.26,187.24,0.28,91.53,1,2,1,46,3.4296,97.573,292.51,49.02
269,512.08,181.47,74.9,345.98,0,1,1,49,3.2128,98.59,301.83,44.21
270,522.35,184.43,133.36,60.56,1,5,1,50,3.2167,97.711,295.07,47.66
271,545.94,187.43,4.31,142.05,4,2,1,48,3.7352,98.633,325.36,38.9
272,494.15,181.59,7.92,80.64,1,1,1,44,3.6335,97.526,299.06,51.49
273,540.94,180.27,145.7,86.23,6,1,1,49,3.264,98.963,321.66,47.45
274,520.18,185.24,34.7,37.4,1,2,1,49,3.2328,97.277,298.41,47.02
275,502.33,177.39,0.64,72.83,2,1,1,47,3.6829,99.238,309.88,49.73
276,528.32,177.4,13.41,76.36,3,2,1,48,3.6859,99.101,342.07,46.59
277,523.58,189.76,26.9,147.16,0,3,1,47,3.2723,98.697,293.6,39.93
278,509.2,176.96,53.13,338.9,6,1,1,49,3.3809,97.169,294.02,48.13
279,521.26,189.66,59.45,47.94,4,1,1,48,3.668,97.521,304.58,41.06
280,513.06,188.24,242.39,5.17,1,4,1,49,3.5152,99.148,309.61,46.05
281,522.04,172.92,15.25,82.29,2,2,1,48,3.774,97.305,323.66,41.14
282,531.92,180.26,34.77,94.35,7,1,1,46,3.4886,97.39,310.95,53.31
283,548.55,193.36,34.3,22.13,2,1,1,46,3.6062,98.36,315.39,48.35
284,497.72,178.13,23.41,171.49,2,3,1,48,3.5059,97.685,284.6,50.04
285,558.39,181.75,8.34,503.4,5,3,1,45,3.7658,97.555,316.63,41.2
286,484.86,188.23,170.65,349.75,4,0,1,49,3.4392,98.44,317.22,46.49
287,517.27,190.48,86.38,26.34,1,1,1,49,3.3379,97.931,324.78,45.95
288,530.59,183.24,31.04,249.88,4,3,1,47,3.396,97.351,302.78,45.55
289,525.06,180.82,41.6,146.29,2,1,1,47,3.7117,98.337,309.85,35.31
290,508.79,194.96,11.6,72.58,5,3,1,50,3.4988,97.968,325.54,54.82
291,516.25,197.17,35.32,93.34,2,0,1,47,3.4126,98.836,286.71,44.81
292,511.13,191.85,53.43,227.33,1,2,1,48,3.5266,97.257,270.51,47.51
293,509.39,185.6,32.58,78.5,0,3,1,47,3.2799,98.552,285.6,38.43
294,535.29,179.34,208.53,56.06,2,4,1,46,3.2032,98.091,295.93,52.32
295,526.43,179.19,42.53,81.57,1,1,1,47,3.3684,98.015,333.59,51.9
296,507.53,188.66,20.86,103.85,1,2,1,50,3.563,97.581,354.64,49.27
297,536.19,187.93,66.56,25.15,1,0,1,47,3.627,97.076,289.99,46.36
298,525.53,194.81,8.41,277.4,3,0,1,47,3.696,99.119,308.15,56.68
299,534.63,189.55,21.84,134.57,6,1,1,49,3.756,97.816,298.41,49.92
300,531.33,174.48,19.18,120.38,2,1,1,48,3.4473,98.703,320.59,38.17
301,505.08,192.36,25.44,12.58,0,3,1,44,3.6443,99.369,316.16,46.12
302,509.92,178.01,68.5,111.21,1,2,1,48,3.2448,98.412,290.72,47.92
303,533.45,182.31,29.79,15.47,2,0,0,49,3.2345,97.993,296.33,45.53
304,530.99,186.75,71.1,9.84,5,2,1,49,3.2749,97.671,306.85,47.87
305,519.62,198.97,38.66,89.92,4,2,1,47,3.4691,99.335,337.07,52.21
306,522.11,206.77,18.84,61.86,1,4,0,45,3.3268,98.705,295.62,44.06
307,543.0,189.25,74.73,106.64,2,2,1,47,3.3722,98.663,275.87,43.1
308,509.35,183.72,12.25,11.21,4,5,1,48,3.5887,98.065,338.67,39.57
309,529.85,188.74,11.43,67.66,3,1,1,47,3.4151,99.113,320.94,35.67
310,516.36,191.21,31.6,23.05,2,2,1,47,3.5344,98.784,284.42,43.44
311,516.08,182.76,13.6,522.06,2,3,1,47,3.4474,97.708,316.74,41.61
312,539.78,197.57,0.41,98.83,2,1,1,49,3.3014,98.499,327.86,43.97
313,534.86,186.61,47.02,139.55,0,1,1,47,3.2444,98.075,312.06,42.07
314,534.64,188.48,32.2,47.24,5,4,1,48,3.3417,97.016,339.98,39.63
315,543.5,189.66,26.54,11.94,3,1,0,50,3.2346,99.019,322.22,42.25
316,520.38,187.95,153.46,446.92,3,1,1,48,3.5712,97.307,316.72,47.57
317,532.28,190.87,38.1,40.47,2,2,1,43,3.6774,98.275,314.49,42.32
318,514.42,180.68,89.59,66.16,5,2,1,48,3.4038,97.841,312.99,44.06
319,525.83,181.09,6.76,125.93,2,1,1,44,3.4323,97.855,329.32,55.47
320,517.66,177.3,37.9,3.0,2,3,1,49,3.6897,98.193,306.71,50.38
321,521.75,188.08,91.12,199.45,2,6,1,47,3.3336,99.493,330.89,46.14
322,530.71,190.45,39.37,92.29,0,5,1,49,3.2715,98.021,316.86,46.3
323,505.27,188.2,56.97,39.12,3,0,1,49,3.5007,97.456,312.32,41.45
324,557.66,196.72,20.94,7.63,4,2,1,47,3.5877,98.534,303.22,42.9
325,501.89,184.96,4.37,21.28,1,0,1,47,3.5598,97.591,303.43,43.61
326,498.14,189.68,27.55,270.49,4,2,1,46,3.6283,97.264,317.02,45.53
327,540.85,177.36,22.58,139.01,3,1,1,47,3.2341,97.125,332.29,44.78
328,534.25,182.29,90.8,34.51,2,0,1,47,3.4569,97.057,321.1,39.36
329,531.23,189.87,12.59,8.14,5,4,1,45,3.3431,98.078,294.28,47.98
330,531.31,190.94,153.15,140.78,3,2,1,48,3.6555,98.067,274.82,42.13
331,519.78,182.94,142.8,101.95,2,2,1,49,3.7236,97.464,326.27,54.61
332,503.85,184.5,12.8,62.21,4,1,0,49,3.3688,98.96,369.03,51.25
333,521.36,174.37,19.25,54.23,2,0,1,48,3.2571,97.323,303.93,36.69
334,507.81,182.5,101.66,29.33,2,3,1,47,3.3521,99.288,299.8,43.73
335,537.55,191.23,152.99,132.9,3,1,1,50,3.2624,98.469,328.05,53.04
336,517.35,189.03,26.37,423.49,5,0,1,49,3.3935,97.069,291.06,48.31
337,505.14,188.5,17.42,23.19,2,3,1,49,3.5229,99.407,342.92,45.45
338,514.22,185.35,33.6,109.09,2,0,1,47,3.7842,97.77,319.07,33.37
339,527.43,185.05,52.38,66.24,2,1,1,49,3.4396,98.125,309.41,43.91
340,509.85,180.38,14.38,71.02,4,1,0,49,3.332,97.711,292.97,46.05
341,505.2,189.89,60.01,35.19,4,1,1,47,3.3001,98.821,329.41,34.72
342,524.39,187.95,2.39,209.25,1,3,0,46,3.3038,98.214,300.23,48.07
343,524.41,188.44,2.27,79.69,1,1,1,48,3.3156,97.331,325.6,41.49
344,510.88,181.32,21.97,94.08,1,1,1,47,3.6574,97.261,318.78,46.51
345,511.52,169.93,19.63,43.62,0,5,1,49,3.2366,98.813,338.41,45.66
346,524.18,192.68,17.07,24.08,5,2,1,45,3.7984,97.593,313.5,43.72
347,493.93,181.65,30.39,10.78,0,2,1,48,3.5136,97.344,378.56,48.96
348,494.67,178.96,17.4,150.26,3,0,1,42,3.5266,98.249,322.21,46.41
349,507.07,189.85,9.61,26.21,4,3,1,44,3.4145,99.007,313.22,58.58
350,516.16,182.26,16.66,140.57,3,1,1,46,3.6142,97.697,301.44,53.89
351,525.6,192.42,165.83,59.39,1,4,1,50,3.4829,97.691,329.29,39.94
352,546.56,189.32,23.83,64.5,3,2,1,47,3.3974,99.085,301.93,50.93
353,535.44,189.78,26.47,76.0,2,4,1,49,3.3591,97.37,292.97,41.32
354,517.12,175.44,38.67,55.01,2,2,1,46,3.7554,98.542,299.69,39.13
355,519.66,193.48,184.27,12.73,1,0,1,46,3.3746,99.388,305.77,37.62
356,501.95,186.83,12.44,44.46,2,3,1,44,3.4618,99.103,359.5,43.21
357,519.67,182.42,51.46,130.78,3,0,1,47,3.4102,97.155,316.43,50.03
358,514.8,186.0,56.64,131.52,3,6,1,48,3.2517,97.8,295.46,45.79
359,525.81,172.57,42.06,40.46,3,3,1,48,3.3116,97.356,333.95,47.54
360,505.11,187.86,4.17,73.97,1,0,1,48,3.3137,99.373,314.15,28.86
361,529.35,177.79,50.84,25.8,5,1,1,48,3.6162,99.465,338.48,43.85
362,547.59,175.53,2.98,28.34,3,1,1,47,3.444,97.587,352.06,39.74
363,518.04,174.34,40.8,2.8,2,1,1,45,3.6692,98.674,277.18,37.1
364,527.23,192.79,60.55,272.47,2,3,1,47,3.6254,99.104,257.75,38.98
365,532.42,180.6,10.66,28.39,5,1,1,46,3.3152,97.584,353.81,45.35
366,512.78,195.74,82.92,30.98,3,2,1,46,3.5378,97.469,294.88,48.29
367,524.03,181.25,1.39,39.35,4,1,1,48,3.6457,97.028,272.63,40.45
368,520.23,173.05,83.55,16.35,3,6,1,48,3.5798,98.03,298.45,47.95
369,521.76,177.18,27.76,122.35,5,5,1,47,3.56,99.249,288.71,49.08
370,506.09,193.65,11.04,9.37,2,1,1,48,3.6438,99.257,293.0,46.65
371,520.44,183.91,6.46,17.29,7,0,1,49,3.2341,97.319,328.83,40.71
372,528.96,181.16,137.89,124.19,4,3,1,48,3.6389,97.511,302.09,42.51
373,546.12,186.12,3.39,49.8,1,3,1,43,3.3636,98.02,274.41,46.64
374,537.27,188.51,9.99,147.7,1,2,1,50,3.5431,98.952,310.72,41.42
375,558.76,192.82,19.23,97.82,2,7,1,47,3.3454,98.53,291.27,48.23
376,506.19,195.14,43.57,35.49,2,1,1,46,3.7033,98.285,304.51,39.46
377,535.7,182.48,35.42,126.26,3,1,1,47,3.4883,98.48,305.77,46.9
378,523.3,175.72,6.04,14.83,3,1,1,47,3.5858,97.24,328.6,49.53
379,559.42,182.11,15.39,92.25,2,2,1,47,3.6764,98.194,298.88,45.96
380,505.45,186.82,12.28,68.97,3,5,1,48,3.7372,99.48,325.35,40.05
381,504.89,178.25,10.81,37.42,3,1,1,49,3.6392,97.221,274.91,36.85
382,509.21,178.3,23.83,111.16,2,2,1,44,3.2893,98.298,329.77,39.46
383,481.77,187.41,54.79,246.06,4,1,1,48,3.7127,97.739,338.58,47.44
384,510.54,184.66,11.03,818.01,2,2,1,47,3.5711,98.35,304.93,43.97
385,506.34,185.23,20.55,112.31,6,0,1,48,3.5657,98.435,291.99,42.0
386,522.71,179.69,22.31,62.24,8,1,1,50,3.7528,98.444,286.29,46.99
387,526.15,183.39,168.7,30.62,2,1,1,45,3.3493,99.131,309.44,35.07
388,553.77,178.53,139.22,35.66,5,3,1,46,3.3438,97.974,336.75,43.69
389,537.11,191.23,72.46,78.35,2,1,1,49,3.5079,98.291,300.63,39.47
390,509.62,192.25,12.45,54.93,5,2,1,44,3.6505,97.027,334.45,38.25
391,503.83,172.08,3.17,294.15,3,3,1,47,3.4683,98.974,284.67,42.43
392,528.85,178.49,17.15,55.12,2,1,1,48,3.5803,97.649,302.27,57.36
393,496.24,174.52,13.96,56.1,3,2,1,47,3.4715,99.041,309.04,48.16
394,552.97,180.45,31.73,58.05,1,3,1,49,3.5662,97.664,314.76,39.35
395,541.23,184.42,67.67,217.4,3,4,1,47,3.6934,97.027,302.68,51.05
396,511.55,174.85,87.94,126.25,0,3,1,50,3.3083,97.387,337.43,38.47
397,489.16,178.55,83.86,114.28,1,4,1,47,3.6172,99.464,337.77,52.59
398,544.37,177.97,20.06,48.8,2,1,1,47,3.6725,97.8,306.15,40.59
399,517.94,186.45,52.3,204.39,2,3,1,46,3.4683,97.272,298.55,45.55
400,542.28,185.49,16.88,4.69,0,2,1,47,3.3939,97.297,296.79,55.43
401,491.3,179.95,2.83,245.56,0,2,1,49,3.2081,97.776,332.76,43.25
402,509.21,186.24,54.41,86.28,3,3,1,46,3.6783,97.094,295.37,54.19
403,520.09,181.17,0.44,60.95,3,2,1,47,3.3968,98.279,277.85,44.64
404,520.85,183.1,23.68,82.5,1,2,1,47,3.4144,97.534,281.13,44.56
405,511.9,196.71,17.98,132.1,3,5,1,49,3.4016,98.298,324.67,40.57
406,531.21,194.38,53.2,1.54,5,2,1,46,3.4992,97.352,279.96,52.06
407,500.78,175.9,65.41,246.27,4,1,1,45,3.6215,98.075,301.22,42.52
408,517.44,190.81,16.31,71.03,0,1,1,46,3.6631,98.495,312.25,54.53
409,522.17,190.68,75.12,50.4,1,3,1,45,3.4355,97.155,272.99,41.86
410,529.26,176.96,15.66,17.85,3,1,1,48,3.5979,97.997,314.01,42.72
411,532.81,190.73,26.6,69.46,3,2,1,46,3.6324,97.756,302.86,50.02
412,499.76,195.77,58.43,82.3,2,1,1,48,3.3782,97.601,268.04,44.46
413,492.39,177.14,53.13,62.03,7,1,1,49,3.258,98.511,314.29,46.44
414,543.0,178.58,196.72,136.23,1,2,1,47,3.7368,98.471,318.71,38.45
415,525.98,192.12,11.48,65.55,4,1,1,47,3.6063,98.577,314.06,45.55
416,506.53,186.9,48.85,390.6,2,3,1,48,3.5889,97.397,321.09,46.86
417,547.92,188.86,42.34,109.74,3,2,1,50,3.2353,97.714,315.68,53.62
418,522.08,187.38,110.98,197.71,1,5,1,49,3.6907,97.524,326.06,42.61
419,541.23,187.73,7.65,13.9,6,1,1,48,3.5396,98.351,289.19,46.69
420,521.22,175.71,62.71,60.76,5,0,1,49,3.7087,98.153,279.27,51.05
421,557.09,192.33,37.8,49.29,2,1,1,49,3.7847,97.826,284.45,45.21
422,551.6,193.19,14.45,101.13,4,1,1,48,3.7743,98.965,292.13,50.43
423,515.52,183.39,28.95,236.89,0,0,1,45,3.7137,97.235,354.48,57.49
424,537.49,184.7,18.28,9.79,3,1,1,46,3.2066,99.437,292.33,45.15
425,531.62,174.28,38.96,9.04,2,3,1,48,3.7314,97.291,298.52,51.62
426,544.64,188.6,98.92,227.91,4,4,1,45,3.245,98.933,304.85,47.57
427,502.63,189.0,37.91,28.72,2,1,1,47,3.7107,97.921,302.15,49.29
428,532.35,184.56,44.95,132.59,3,1,1,48,3.3681,99.163,349.93,48.53
429,539.05,192.87,32.91,93.94,6,3,1,48,3.566,97.185,272.04,50.33
430,488.34,182.66,2.36,214.69,2,2,1,48,3.2228,97.937,358.08,50.0
431,498.7,188.95,11.93,16.04,3,1,1,49,3.6627,97.839,313.18,44.65
432,483.29,177.86,30.48,16.68,2,3,1,48,3.267,99.483,331.15,42.22
433,515.15,184.84,16.71,97.65,5,1,1,48,3.4464,99.464,310.45,47.13
434,532.92,183.78,9.03,351.1,3,0,1,48,3.6905,97.475,327.94,37.73
435,547.04,186.58,31.57,64.34,3,3,1,46,3.6172,98.575,289.22,48.09
436,521.33,182.41,17.54,47.51,4,2,1,48,3.2036,98.339,280.19,48.73
437,549.32,184.08,13.43,111.98,3,2,1,47,3.4418,97.386,367.05,44.11
438,495.16,190.78,28.06,319.88,8,3,1,47,3.2252,97.419,352.1,45.22
439,489.34,181.94,6.44,217.63,4,1,1,45,3.6041,99.473,286.82,49.56
440,519.0,173.75,118.24,648.01,1,1,1,48,3.7814,98.132,325.76,48.74
441,526.91,197.25,91.02,2.74,3,3,1,45,3.5932,97.315,335.47,49.63
442,519.41,194.67,55.34,14.37,0,2,1,46,3.3346,97.537,324.52,48.89
443,482.79,175.95,5.05,112.83,2,4,1,47,3.4131,97.671,305.42,45.53
444,518.4,189.83,67.3,206.16,2,1,1,47,3.786,98.277,354.54,44.93
445,496.52,181.48,74.25,40.3,1,0,1,49,3.3344,97.839,325.13,47.11
446,532.05,186.84,65.7,32.81,3,2,1,45,3.5369,98.138,289.59,52.27
447,526.6,187.06,5.44,185.56,3,3,1,49,3.4403,97.416,301.49,46.32
448,503.08,183.36,46.47,6.96,3,2,1,47,3.661,97.817,286.46,51.53
449,510.75,179.51,80.9,55.33,0,2,1,48,3.7204,97.176,307.64,34.84
450,500.93,180.17,38.75,84.58,3,3,1,48,3.4045,99.224,306.93,46.61
451,518.87,178.59,46.78,98.61,5,6,1,47,3.5962,97.497,326.62,45.41
452,537.19,179.18,27.59,156.51,2,1,1,45,3.5294,98.892,326.29,36.67
453,502.26,184.53,33.85,52.59,1,3,1,48,3.3671,97.874,318.54,37.42
454,529.07,179.99,1.57,113.82,2,3,1,44,3.3632,98.186,317.95,47.31
455,510.46,189.77,45.84,105.65,3,1,1,47,3.5232,97.728,332.95,45.54
456,505.73,195.41,3.82,95.19,5,1,1,49,3.2924,98.741,305.03,48.95
457,518.07,180.94,25.69,122.76,1,1,1,49,3.6865,99.111,257.35,32.02
458,501.37,186.68,15.58,36.04,0,1,1,47,3.2414,97.716,356.44,50.35
459,510.03,188.5,35.48,10.61,2,3,1,50,3.2567,97.606,289.96,50.38
460,498.44,188.3,6.44,15.24,4,2,1,48,3.4053,98.704,325.3,38.08
461,555.37,185.53,52.94,30.52,1,2,1,49,3.2709,97.488,302.51,52.04
462,520.63,190.2,71.32,83.23,5,0,1,48,3.4854,98.6,340.76,53.95
463,507.4,188.38,8.03,220.24,2,0,1,47,3.4398,97.236,288.84,38.33
464,523.85,176.34,4.96,145.0,1,0,1,48,3.6331,98.55,294.36,45.54
465,517.98,191.08,7.08,186.73,2,4,0,49,3.7718,98.284,299.05,45.99
466,516.02,191.21,94.35,51.87,5,0,1,49,3.6521,97.285,322.19,36.01
467,531.06,179.66,33.8,62.23,0,0,1,48,3.3077,98.623,314.91,43.35
468,533.64,185.27,28.34,60.04,4,2,1,50,3.7613,98.116,322.43,52.02
469,510.45,189.78,5.08,25.56,3,3,1,47,3.4353,97.543,312.79,40.7
470,509.64,183.53,47.18,7.58,1,1,1,47,3.4845,97.883,330.5,54.14
471,515.05,192.51,91.12,107.26,2,1,1,50,3.4529,98.23,330.87,46.84
472,478.57,201.55,79.26,543.57,4,0,1,48,3.3683,97.229,343.32,41.04
473,492.73,179.5,44.26,21.9,4,1,1,48,3.737,99.394,317.56,45.23
474,544.6,175.33,3.52,5.74,1,2,1,48,3.3993,98.664,317.46,37.68
475,549.61,187.13,5.37,181.44,3,1,1,47,3.5472,97.256,348.87,47.14
476,515.52,190.05,2.28,34.94,5,2,1,48,3.344,99.057,336.34,44.04
477,530.38,183.38,13.4,212.38,1,1,1,48,3.6784,97.806,321.41,42.87
478,525.6,195.17,6.56,146.06,3,1,1,46,3.6645,98.492,279.32,37.77
479,575.42,175.63,13.55,349.53,2,1,1,49,3.3778,97.693,272.96,44.6
480,540.15,189.85,21.88,63.1,2,0,1,47,3.6089,98.834,323.48,46.03
481,517.7,180.76,128.9,130.15,1,2,1,48,3.6223,98.808,324.39,38.15
482,502.8,197.04,42.42,75.03,2,0,1,48,3.5375,98.38,294.1,50.41
483,491.08,198.95,81.07,119.5,3,3,1,47,3.5604,97.602,317.79,46.39
484,523.66,179.63,55.76,71.65,5,2,1,47,3.5447,97.634,289.91,40.76
485,506.39,181.15,5.37,25.08,5,0,1,48,3.2491,97.957,322.59,44.52
486,494.4,191.02,59.92,85.09,2,3,1,47,3.6022,97.363,323.16,49.18
487,508.36,182.29,14.48,90.24,3,3,1,46,3.4819,97.844,323.02,51.85
488,500.53,184.68,45.86,199.67,0,2,1,44,3.4631,98.711,317.38,52.93
489,550.37,185.18,18.76,159.6,4,4,1,47,3.716,99.077,303.53,54.0
490,535.87,171.56,272.83,130.8,2,1,1,46,3.2139,97.831,305.34,38.35
491,519.86,184.9,13.77,14.44,6,1,1,50,3.3508,97.584,335.5,41.45
492,546.64,180.17,14.73,153.02,2,2,1,48,3.2728,99.082,319.13,37.99
493,521.39,181.55,120.1,83.25,4,2,1,49,3.2212,99.227,320.74,50.45
494,504.5,195.11,1.12,269.43,4,1,1,49,3.3654,98.025,311.9,44.14
495,547.42,176.2,53.68,302.89,2,3,1,48,3.7931,97.067,324.33,51.31
496,529.7,190.69,58.15,6.81,4,1,0,47,3.3621,98.737,331.1,37.91
497,501.33,183.05,81.46,206.2,1,0,1,48,3.5982,98.96,296.18,41.55
498,516.57,183.04,165.0,4.61,1,1,1,47,3.271,97.045,323.04,41.01
499,504.24,190.53,167.1,54.91,3,4,1,48,3.5611,98.488,305.03,51.19
500,495.11,187.38,3.04,93.78,4,3,1,48,3.7907,98.471,316.9,48.5
501,536.67,188.99,77.63,19.23,2,2,1,48,3.3751,97.947,328.38,34.85
502,554.37,191.78,46.77,164.6,2,4,0,48,3.7088,98.874,278.06,42.67
503,494.83,182.68,46.9,1.01,4,2,1,48,3.7985,98.07,286.16,49.8
504,530.13,180.71,6.18,22.16,2,3,1,47,3.5531,98.692,295.49,50.57
505,508.29,177.4,47.27,104.33,1,3,1,49,3.3856,98.293,293.93,47.07
506,511.23,179.22,182.01,150.37,3,4,1,49,3.6041,97.621,306.43,45.9
507,509.34,205.64,109.28,298.15,0,4,1,47,3.7069,98.516,347.23,40.35
508,504.45,193.71,26.02,146.7,1,0,1,47,3.3028,98.842,335.93,50.35
509,520.87,175.54,1.83,133.69,3,3,0,48,3.4715,99.435,297.23,39.02
510,505.04,175.74,20.24,60.17,3,1,1,49,3.3915,97.95,329.12,36.94
511,524.87,188.37,78.79,0.15,2,4,1,48,3.37,97.161,309.05,46.04
512,519.1,188.83,54.4,15.36,0,0,1,46,3.7165,99.47,317.56,42.78
513,515.7,188.84,27.67,91.77,4,5,1,46,3.453,98.56,288.42,48.62
514,503.66,183.22,2.55,134.92,1,3,1,47,3.4034,99.366,280.94,47.42
515,509.62,184.12,25.05,64.84,3,2,1,50,3.5621,97.26,326.11,53.54
516,533.6,187.3,28.49,157.42,1,0,1,47,3.3316,97.855,310.72,47.02
517,529.02,185.6,118.75,88.54,3,0,1,49,3.3379,97.335,321.5,50.3
518,502.4,169.46,46.11,9.25,4,2,1,48,3.5122,99.089,345.06,40.74
519,521.79,183.39,16.81,25.59,2,0,1,49,3.4456,99.201,304.75,48.56
520,533.52,179.04,33.53,219.91,2,2,1,46,3.377,98.253,304.95,43.62
521,489.95,186.23,3.08,154.88,0,2,1,47,3.2324,97.467,348.91,42.53
522,529.78,205.9,161.82,270.18,3,2,0,47,3.5125,97.318,310.37,40.49
523,508.07,187.57,20.09,15.01,2,1,1,47,3.69,98.47,292.33,52.71
524,530.27,182.81,29.24,555.32,3,2,1,49,3.7108,98.266,326.19,44.97
525,506.26,191.45,19.75,28.2,2,0,1,48,3.3413,98.737,304.77,41.06
526,487.51,188.38,51.63,1.42,6,3,1,47,3.5598,97.763,291.9,48.39
527,490.7,187.94,48.84,715.33,3,0,1,47,3.7135,98.006,311.97,42.8
528,520.87,189.25,56.54,39.6,1,1,1,46,3.4452,97.053,328.19,41.01
529,524.68,199.4,14.05,132.32,2,1,1,48,3.7593,98.525,284.5,59.51
530,503.72,177.08,17.07,23.33,3,2,1,46,3.7418,98.058,283.99,38.96
531,531.49,188.32,6.02,104.17,5,0,1,48,3.3249,99.299,308.24,54.33
532,490.09,178.52,47.96,281.25,4,2,1,47,3.3554,98.604,285.8,40.95
533,518.81,188.89,1.83,46.31,1,2,1,48,3.3083,97.997,281.93,48.13
534,498.2,178.57,40.97,133.13,0,2,1,45,3.3176,97.659,310.13,44.49
535,508.27,182.08,91.7,24.98,7,0,1,49,3.7447,99.263,334.33,48.68
536,520.85,182.93,99.67,117.63,4,4,1,47,3.7587,97.041,327.34,38.09
537,504.51,191.83,26.82,49.22,1,4,1,47,3.2311,97.817,307.65,37.48
538,513.08,191.43,27.67,28.47,1,2,1,49,3.5562,99.359,338.22,48.83
539,538.11,176.28,3.6,45.08,5,2,1,50,3.5385,98.635,348.17,36.1
540,509.62,185.38,49.99,23.64,7,1,1,46,3.4343,98.332,320.81,39.16
541,535.04,180.03,77.48,278.63,2,2,1,49,3.579,97.509,301.94,44.55
542,499.67,176.19,12.63,60.74,4,1,1,49,3.7684,99.083,344.38,38.53
543,529.54,183.48,24.61,33.77,2,2,1,44,3.3022,97.51,343.41,39.17
544,545.95,182.84,82.14,71.39,1,3,1,47,3.2722,97.621,315.57,42.94
545,475.51,201.99,94.34,46.37,5,1,1,49,3.22,97.48,336.9,34.08
546,505.66,188.03,12.54,163.71,6,1,0,47,3.4183,97.395,292.81,38.0
547,530.39,175.36,35.99,425.77,1,1,1,48,3.4026,99.383,264.52,51.7
548,516.35,181.05,9.62,69.16,2,1,1,46,3.4585,98.505,288.63,49.78
549,526.68,192.15,4.84,236.82,0,5,1,47,3.502,98.595,314.54,56.33
550,509.13,199.62,108.92,100.13,2,0,1,46,3.6547,99.386,308.37,47.97
551,521.56,173.9,77.29,20.53,4,2,1,49,3.4353,97.576,331.16,51.51
552,517.2,171.84,64.23,140.78,2,1,1,47,3.3984,97.015,277.32,42.89
553,541.02,198.1,2.25,86.45,2,2,1,50,3.6961,98.497,277.75,44.06
554,524.58,187.73,83.53,126.19,1,3,1,50,3.7099,98.27,326.77,47.06
555,526.08,178.92,25.93,264.53,3,2,1,47,3.3397,98.194,278.41,35.53
556,512.59,188.74,18.86,69.67,2,2,1,50,3.3888,97.155,304.04,47.73
557,511.22,166.55,35.58,277.73,2,2,1,47,3.6951,98.136,310.54,41.88
558,512.21,185.02,4.31,166.68,1,3,1,46,3.2476,97.719,295.69,42.72
559,527.1,187.29,63.6,80.47,4,2,1,48,3.3955,97.686,322.71,49.99
560,512.42,191.47,39.3,110.93,4,0,1,50,3.469,97.556,264.64,37.24
561,525.22,177.9,9.29,47.27,3,1,1,47,3.3122,97.831,350.3,45.28
562,557.36,185.6,9.38,493.24,2,4,1,45,3.3079,97.883,302.74,47.24
563,535.68,178.52,9.16,132.08,6,2,1,47,3.4549,97.772,306.25,42.35
564,514.13,186.79,2.64,5.38,2,2,1,47,3.6527,99.447,369.26,45.19
565,541.62,178.73,39.88,47.45,3,1,1,49,3.7041,99.332,280.08,45.43
566,512.65,182.14,82.56,117.16,2,0,1,50,3.7875,98.436,287.01,49.49
567,483.31,178.03,0.79,6.96,5,3,1,47,3.2444,99.453,340.9,44.09
568,501.85,189.56,2.26,2.9,2,1,1,49,3.33,99.478,275.76,38.74
569,486.33,191.01,38.27,71.75,2,1,1,46,3.654,97.89,320.89,42.11
570,513.67,183.36,77.04,48.54,5,3,1,48,3.5244,98.113,296.66,43.26
571,520.33,185.27,17.8,69.21,2,3,0,48,3.3966,99.398,274.44,41.0
572,550.18,174.86,19.36,36.57,2,0,1,47,3.3234,98.522,321.59,45.95
573,525.88,182.9,40.82,21.6,6,2,1,46,3.3683,97.532,322.24,45.71
574,516.06,184.65,14.42,140.21,0,1,1,47,3.4576,98.723,310.03,45.45
575,534.93,203.35,1.21,86.73,4,2,1,45,3.3063,97.514,355.52,40.51
576,480.2,177.22,59.8,26.8,0,2,1,44,3.7785,97.848,293.03,45.65
577,524.24,195.25,44.22,46.21,3,1,1,45,3.2646,97.569,329.06,51.44
578,533.88,191.98,39.12,107.52,2,0,1,46,3.7913,97.612,317.2,46.47
579,493.39,186.96,60.91,9.0,3,3,1,47,3.7051,97.012,331.37,50.36
580,540.59,197.31,50.61,19.14,4,2,1,47,3.4539,99.202,298.91,45.54
581,526.09,187.6,10.37,9.13,2,2,1,49,3.6439,97.74,279.54,41.81
582,512.52,187.72,19.56,200.76,8,2,1,49,3.6029,97.216,295.0,49.3
583,531.39,184.63,6.07,167.52,0,2,1,50,3.328,97.217,308.6,37.96
584,560.87,193.56,6.26,167.96,6,0,1,49,3.4034,98.39,324.98,42.21
585,523.27,192.68,50.74,151.19,3,0,1,48,3.5079,99.482,310.38,44.29
586,524.47,180.62,88.03,132.82,1,3,0,49,3.5827,97.363,314.73,48.26
587,511.73,175.77,148.03,77.78,1,1,1,45,3.5257,97.249,347.96,51.37
588,504.7,183.58,44.54,123.36,2,0,1,46,3.4838,98.096,309.47,49.23
589,534.95,179.4,9.16,4.69,3,4,1,50,3.4659,98.408,298.29,48.73
590,504.59,184.56,5.02,116.57,5,1,1,49,3.499,97.736,319.69,49.32
591,521.29,193.66,75.41,180.54,0,3,1,46,3.4606,97.756,272.25,50.02
592,511.4,181.8,38.9,83.26,1,2,1,46,3.5248,98.061,272.2,39.31
593,528.62,184.7,43.34,53.09,2,2,1,45,3.7328,97.785,307.05,56.02
594,526.01,185.41,68.44,38.99,3,1,1,42,3.5797,99.288,289.48,50.55
595,538.68,190.94,54.67,123.54,2,0,1,44,3.6336,97.105,296.62,44.1
596,510.82,169.27,80.93,141.63,4,1,1,48,3.5585,97.586,330.57,46.86
597,515.14,180.75,2.6,245.72,3,2,1,49,3.5858,99.021,321.58,38.43
598,502.38,186.48,61.94,50.29,2,3,1,47,3.547,99.085,308.31,43.7
599,512.0,193.4,85.63,176.24,2,2,1,48,3.2161,97.279,311.83,43.29
600,526.79,181.56,15.17,98.89,3,4,1,46,3.7998,99.434,300.66,42.88
601,533.63,171.86,46.03,257.3,2,2,1,48,3.2202,98.733,328.69,49.07
602,503.4,189.34,16.97,90.05,1,2,1,46,3.4371,97.681,327.44,45.52
603,535.65,180.55,142.62,87.49,3,1,1,49,3.2631,98.14,331.8,39.03
604,544.4,176.67,1.53,103.5,7,0,0,48,3.2582,97.743,330.79,39.12
605,527.44,180.63,39.02,166.03,3,1,1,47,3.6761,97.375,311.19,35.18
606,553.78,183.71,8.2,401.23,2,0,1,45,3.4556,97.728,294.64,49.4
607,506.07,180.77,56.05,9.17,5,3,1,49,3.6807,98.45,306.32,43.88
608,497.6,169.56,8.71,6.59,1,2,1,45,3.3637,99.065,312.57,48.77
609,487.98,191.28,12.08,332.81,1,1,1,46,3.3539,97.909,295.17,60.7
610,546.93,193.92,30.69,90.57,1,1,1,47,3.3507,97.87,345.86,40.51
611,531.78,189.56,110.84,114.51,4,1,1,46,3.5697,98.17,345.97,46.63
612,519.0,177.04,10.71,79.03,2,1,1,47,3.689,98.611,307.36,52.22
613,525.04,183.59,7.01,11.8,3,1,1,49,3.4714,98.879,332.68,42.56
614,499.74,184.95,64.03,175.37,3,2,1,49,3.4275,97.817,322.32,43.3
615,564.02,189.19,31.25,165.03,2,0,1,46,3.7841,98.466,299.07,47.65
616,522.33,189.68,109.26,44.82,0,4,1,47,3.2701,97.973,319.06,57.71
617,521.97,179.86,7.13,43.88,1,3,1,49,3.492,98.791,292.97,48.18
618,533.06,185.57,46.72,218.3,2,2,1,47,3.4451,97.412,290.64,40.79
619,528.66,188.2,11.93,9.01,2,5,1,48,3.2589,97.642,320.49,41.39
620,524.03,195.19,7.67,255.54,0,3,1,49,3.3609,98.065,320.75,42.56
621,505.77,189.93,51.76,35.59,0,2,1,48,3.2171,99.224,369.27,35.9
622,528.49,190.52,40.53,107.87,3,1,1,48,3.7262,98.433,306.58,44.2
623,553.88,185.59,63.26,329.85,1,1,1,49,3.5647,99.413,298.36,45.04
624,544.22,194.87,16.66,136.03,6,0,1,48,3.689,97.258,330.3,45.23
625,548.68,187.87,26.74,64.22,3,1,0,47,3.5129,98.15,309.45,37.75
626,510.8,178.97,23.4,140.36,0,1,1,50,3.5597,98.048,295.75,46.73
627,502.19,194.82,186.33,50.59,3,4,1,48,3.6205,98.501,297.11,40.08
628,517.74,189.89,15.55,38.96,1,1,1,49,3.7448,99.03,306.05,43.81
629,521.0,181.9,15.72,685.05,3,2,1,50,3.2551,99.104,333.2,41.29
630,539.7,181.64,19.7,166.74,2,3,1,49,3.3986,98.675,319.5,50.77
631,489.54,187.08,37.42,124.18,2,2,1,49,3.6254,98.604,291.67,41.57
632,547.53,188.24,13.09,52.67,1,3,1,49,3.775,99.373,350.36,51.73
633,517.16,186.38,111.08,6.05,5,2,1,46,3.7885,97.959,290.04,45.68
634,512.32,187.18,13.9,3.79,2,1,1,48,3.5829,99.082,293.78,47.1
635,501.78,196.9,101.77,96.94,0,3,1,49,3.3162,99.304,335.67,45.42
636,490.21,192.5,4.92,172.27,3,2,0,49,3.2715,98.229,342.95,40.74
637,534.82,186.33,48.09,92.5,2,3,1,48,3.7676,98.823,317.78,47.03
638,521.32,191.59,106.88,220.5,4,2,1,46,3.4604,97.943,281.61,42.85
639,496.78,177.77,8.32,4.08,2,0,1,48,3.3169,97.397,312.13,46.59
640,496.69,187.79,155.35,54.83,4,2,1,49,3.7603,98.466,279.92,48.02
641,513.96,197.67,27.14,32.47,5,1,1,48,3.2627,97.491,364.66,54.54
642,550.04,183.47,131.11,71.15,1,3,1,47,3.6377,98.144,316.32,47.35
643,515.33,179.07,50.83,9.02,4,3,1,50,3.5752,99.182,327.63,49.78
644,492.94,180.44,16.15,369.84,1,1,1,47,3.2526,97.215,301.85,48.3
645,515.58,177.37,9.39,30.32,3,0,1,48,3.4032,97.076,349.72,43.88
646,515.09,179.51,16.29,306.6,2,3,1,50,3.29,98.516,298.95,48.4
647,471.46,182.41,4.39,66.59,4,1,0,47,3.5627,97.828,291.11,44.38
648,519.02,175.16,6.99,508.23,1,6,1,47,3.4863,98.045,316.71,42.94
649,515.84,185.11,4.97,96.91,5,2,1,47,3.2026,98.014,329.36,39.55
650,532.53,191.32,24.74,320.55,3,1,1,48,3.7854,97.217,356.83,48.26
651,553.28,178.65,71.44,0.64,1,2,1,48,3.4098,97.009,345.51,42.16
652,540.28,195.63,6.86,165.51,1,2,0,48,3.3549,99.246,336.29,48.14
653,515.16,188.58,6.28,280.03,3,0,1,47,3.3335,97.544,294.93,45.02
654,500.08,192.21,46.4,18.06,4,3,1,47,3.2953,98.065,294.46,43.58
655,566.32,180.4,9.88,12.13,2,1,0,49,3.7995,99.43,290.69,40.68
656,521.07,190.98,4.62,66.32,1,2,1,47,3.3771,99.067,306.69,51.5
657,520.25,177.36,8.21,325.59,2,1,1,47,3.4433,97.27,267.91,43.04
658,519.57,191.23,115.81,93.81,6,3,1,48,3.7228,98.271,340.04,52.93
659,523.57,186.2,77.54,89.96,3,1,1,46,3.5851,98.825,287.46,40.91
660,517.4,188.87,19.67,18.26,4,0,1,46,3.4212,98.746,284.74,52.54
661,509.67,176.77,48.0,0.09,0,1,1,49,3.739,98.902,301.07,45.42
662,510.16,178.73,34.68,199.38,3,2,1,45,3.6498,98.144,280.47,49.3
663,519.41,189.18,50.87,11.0,2,1,1,48,3.3367,97.44,324.17,38.5
664,510.22,178.36,51.65,120.57,4,2,1,47,3.5862,98.162,288.75,38.47
665,507.17,188.24,44.59,295.27,0,0,1,46,3.7534,98.62,321.03,46.29
666,521.92,175.43,13.92,28.08,3,1,1,48,3.4979,98.521,330.35,39.93
667,515.41,190.94,1.79,131.33,2,2,1,48,3.6402,97.176,297.91,51.64
668,547.07,176.37,27.36,9.84,1,2,1,45,3.7827,97.162,294.22,46.82
669,472.28,188.87,99.73,111.09,3,2,1,49,3.6142,99.413,292.35,41.78
670,539.65,189.38,37.93,21.49,2,4,1,49,3.2615,97.38,286.19,40.4
671,542.43,180.12,80.38,159.8,3,3,1,48,3.3467,97.736,300.75,43.56
672,482.68,189.07,215.21,43.01,2,3,1,46,3.5571,98.919,311.48,42.16
673,513.83,186.82,8.04,74.7,2,3,1,45,3.3653,98.024,279.57,47.48
674,513.31,181.23,52.96,109.78,4,4,1,49,3.7745,97.454,295.88,44.62
675,494.66,177.94,50.48,22.54,3,3,1,46,3.4432,98.168,313.47,50.84
676,506.0,171.26,175.94,162.41,3,0,1,49,3.4743,98.422,310.76,48.16
677,500.01,187.45,190.83,43.25,6,1,1,44,3.621,98.132,251.32,40.67
678,551.54,174.05,52.22,130.3,2,5,1,47,3.5145,99.297,323.94,42.87
679,536.84,185.67,12.56,20.68,5,4,1,50,3.4293,97.712,337.25,40.68
680,542.89,183.16,72.1,139.82,3,3,1,50,3.246,98.653,297.4,40.68
681,532.99,189.75,5.09,16.46,0,4,1,49,3.5579,97.281,271.83,36.02
682,499.68,182.89,68.28,66.48,1,1,1,49,3.7205,97.981,293.18,49.71
683,510.56,182.69,108.46,34.08,2,3,1,46,3.6115,98.852,292.53,51.46
684,528.81,190.12,21.72,165.58,4,0,1,49,3.4289,97.562,336.4,40.06
685,498.0,187.35,44.82,36.46,2,1,0,44,3.2766,98.474,285.94,39.56
686,532.83,187.21,25.31,256.16,6,3,1,47,3.6898,97.384,302.12,47.8
687,515.67,188.28,25.91,266.88,3,3,1,47,3.765,97.257,346.92,40.9
688,513.25,174.25,16.72,26.24,4,1,1,49,3.433,98.308,313.54,51.37
689,532.8,190.3,64.62,114.18,7,5,1,46,3.6372,98.688,314.3,41.42
690,528.0,189.29,123.82,11.02,3,7,1,47,3.4465,97.283,307.77,34.31
691,513.5,177.88,127.17,59.62,3,3,1,46,3.5014,99.294,331.51,44.35
692,540.87,183.29,8.64,149.93,1,2,1,45,3.7019,97.564,318.89,42.04
693,500.54,184.72,93.48,129.25,3,4,1,49,3.2501,97.3,350.78,45.74
694,531.09,184.06,60.18,117.6,2,1,1,49,3.5182,97.507,353.18,43.26
695,530.68,187.34,13.12,39.84,4,0,1,46,3.3288,97.424,316.9,47.88
696,514.43,195.02,3.13,56.98,4,2,1,46,3.4039,97.227,309.18,47.12
697,525.87,192.57,14.04,13.04,1,2,1,47,3.5867,98.995,313.6,46.63
698,497.48,175.81,109.48,152.34,4,0,1,48,3.2163,98.239,297.54,45.95
699,536.63,189.35,45.13,84.11,4,2,1,47,3.5563,97.971,312.94,45.0
700,516.67,194.3,57.45,148.04,2,0,0,48,3.3701,99.377,278.27,38.01
701,510.59,187.71,13.38,34.35,5,1,1,49,3.6017,97.928,294.33,46.95
702,538.88,192.64,57.19,47.07,1,0,1,48,3.2849,97.417,327.3,48.66
703,507.32,199.09,1.28,48.81,3,2,1,49,3.6415,97.685,321.84,46.74
704,494.65,192.17,21.17,3.13,1,1,1,48,3.5874,97.597,307.2,43.99
705,491.98,186.75,44.35,50.05,2,0,1,45,3.7827,98.247,319.22,47.95
706,530.91,192.32,7.11,195.13,2,1,1,46,3.7467,97.729,343.14,46.18
707,496.95,186.01,77.92,273.11,1,0,1,45,3.37,98.29,301.52,48.55
708,551.59,185.17,12.06,87.63,0,1,1,46,3.2164,98.673,278.43,44.56
709,482.53,182.54,47.54,72.95,1,0,1,48,3.5932,98.943,323.8,37.86
710,550.54,195.94,23.38,3.76,3,6,1,46,3.5617,98.775,321.8,44.11
711,523.8,179.27,40.79,253.64,5,2,1,45,3.2165,97.514,326.71,40.26
712,518.26,195.73,5.12,1.57,3,4,1,45,3.2736,97.29,283.66,42.68
713,510.19,188.5,0.77,347.51,4,2,1,47,3.5508,98.356,276.99,45.43
714,527.18,175.2,108.14,80.62,1,4,1,49,3.7471,97.497,315.83,49.95
715,519.32,187.57,14.14,50.21,1,2,1,50,3.7439,97.212,314.29,48.33
716,539.86,170.3,77.09,309.59,3,2,1,49,3.2909,98.318,302.14,46.04
717,522.06,189.38,330.26,2.96,5,2,1,44,3.4307,97.817,341.83,51.24
718,522.71,191.2,10.69,104.51,6,4,1,48,3.2259,98.89,309.78,45.24
719,513.45,180.85,13.87,95.54,3,1,1,46,3.4816,97.785,337.08,46.01
720,518.97,185.86,48.93,29.71,1,2,1,48,3.6519,99.447,329.32,43.1
721,525.54,198.68,151.44,67.22,2,2,1,47,3.674,98.896,286.02,39.65
722,489.22,181.46,111.36,126.76,1,4,1,50,3.4994,97.144,290.49,47.78
723,495.73,177.59,31.45,155.85,2,2,1,49,3.2575,98.272,281.79,37.16
724,533.38,195.37,71.34,0.09,1,3,1,48,3.4288,98.407,319.49,40.34
725,523.08,198.74,6.56,331.48,3,0,1,47,3.7593,98.738,312.16,45.89
726,516.69,185.03,170.62,21.57,0,3,1,49,3.3378,98.244,339.7,40.76
727,520.33,192.08,150.03,31.92,3,3,1,46,3.3919,98.209,323.09,45.09
728,526.26,194.39,8.05,36.7,4,0,1,48,3.6481,97.92,281.44,45.74
729,510.28,179.8,16.01,4.63,3,1,1,46,3.6401,97.679,299.83,42.2
730,505.99,181.6,4.75,15.76,1,0,1,49,3.7473,99.366,263.57,45.28
731,523.53,193.62,14.27,515.28,1,0,1,47,3.4329,97.794,316.45,45.21
732,502.39,196.8,76.17,45.44,4,1,1,48,3.5088,97.159,371.4,39.3
733,527.35,188.94,21.39,14.7,2,3,1,46,3.4804,97.418,312.88,47.73
734,489.35,178.84,4.16,13.58,2,1,1,48,3.7567,99.143,314.43,34.85
735,538.52,198.91,18.85,152.52,1,4,1,47,3.6616,98.467,309.62,54.39
736,528.51,181.28,179.27,231.37,2,4,1,45,3.6989,98.947,317.83,47.67
737,524.61,182.65,44.7,35.64,2,2,1,50,3.2799,99.022,306.56,50.11
738,537.69,187.4,24.22,2.54,3,2,1,50,3.6751,99.058,323.59,48.31
739,549.98,195.88,8.2,30.29,2,1,1,46,3.4598,98.377,293.01,44.79
740,538.26,190.98,192.66,6.98,2,2,1,47,3.214,97.443,293.92,41.14
741,486.86,187.9,77.38,13.1,4,1,1,48,3.2361,97.371,281.57,44.88
742,496.97,188.24,14.88,67.77,2,0,1,48,3.6067,98.435,309.28,49.18
743,508.75,185.3,3.27,31.35,4,3,1,50,3.4232,97.916,285.67,40.89
744,520.47,188.91,2.62,87.07,0,1,1,49,3.7209,98.395,341.96,45.79
745,529.32,167.29,5.77,35.08,0,4,1,48,3.6406,98.246,300.52,35.95
746,506.94,182.92,39.12,338.69,1,1,1,46,3.213,98.505,266.68,40.96
747,523.36,186.69,118.88,283.66,3,2,1,48,3.6121,97.08,285.02,40.71
748,506.4,176.94,30.9,100.39,5,2,1,47,3.3154,97.082,312.97,53.4
749,508.99,187.7,83.3,52.51,1,0,1,46,3.4535,98.804,324.35,38.31
750,494.68,183.57,26.57,57.59,2,2,1,48,3.5748,97.483,317.79,46.99
751,503.38,197.29,55.49,63.69,2,0,1,47,3.7236,98.63,291.91,52.97
752,495.67,196.01,59.23,156.05,0,0,1,46,3.4737,98.366,297.43,50.03
753,502.43,181.74,8.6,72.1,0,2,1,49,3.6851,99.454,294.86,52.61
754,538.97,183.94,20.17,233.16,0,1,1,48,3.6698,99.089,322.47,53.35
755,502.91,184.48,45.64,346.09,1,1,1,44,3.4487,98.033,312.56,45.28
756,567.38,181.84,3.3,49.13,2,0,1,44,3.5006,98.541,300.16,47.38
757,528.88,186.37,20.19,98.71,1,3,1,49,3.6203,97.293,295.49,45.97
758,523.33,179.69,34.44,11.99,4,0,1,50,3.2187,97.966,298.5,47.4
759,504.55,177.09,251.06,26.85,6,2,0,49,3.7345,98.835,310.19,47.11
760,532.61,189.36,28.96,64.02,1,1,1,48,3.6619,98.557,339.5,53.59
761,509.64,189.41,76.19,27.71,3,0,1,48,3.3496,98.211,314.11,46.46
762,522.2,179.37,25.46,251.04,2,4,1,47,3.7887,97.441,302.59,40.23
763,566.08,191.27,71.62,20.68,1,0,1,45,3.3076,99.008,300.88,47.98
764,518.27,180.58,40.72,72.98,4,1,1,48,3.7485,97.683,347.44,48.65
765,540.69,186.77,97.96,111.68,1,3,1,46,3.3947,99.051,328.14,40.89
766,507.34,190.74,23.82,141.27,0,1,1,49,3.6579,98.529,331.53,40.69
767,519.37,184.76,41.72,57.96,3,1,1,50,3.4738,97.932,326.44,49.75
768,551.87,188.18,44.74,244.0,1,3,1,48,3.6419,97.102,308.9,42.33
769,508.71,181.38,24.31,100.81,2,3,1,50,3.2935,97.581,336.35,42.93
770,552.62,183.62,7.01,69.47,4,2,1,48,3.3617,99.223,277.71,42.69
771,532.74,183.56,4.42,8.35,3,2,1,45,3.2599,99.045,344.12,46.23
772,509.88,179.77,0.76,74.99,2,3,1,49,3.7191,98.437,326.33,50.52
773,531.38,183.76,93.05,206.27,5,1,1,47,3.3778,98.166,320.69,48.34
774,537.51,174.16,12.14,114.4,2,2,1,48,3.6167,98.618,293.35,42.69
775,531.19,181.56,10.69,214.17,1,1,1,50,3.6921,98.166,330.48,51.69
776,491.74,183.01,59.94,81.75,4,2,1,47,3.7409,98.611,335.19,49.35
777,506.91,183.21,17.36,15.13,4,2,0,46,3.2638,97.769,294.5,49.96
778,515.54,183.31,31.74,1.65,4,2,1,48,3.7358,99.096,295.17,49.8
779,518.66,184.57,7.98,43.35,5,2,0,47,3.3184,98.755,287.26,42.43
780,531.17,188.36,144.56,143.68,3,0,1,45,3.6421,97.825,322.06,40.4
781,523.2,191.12,85.85,187.43,0,2,1,46,3.6373,99.077,307.84,43.31
782,495.96,180.45,89.71,42.08,0,1,1,49,3.2051,98.218,356.69,49.95
783,526.84,176.58,23.5,82.14,4,2,1,47,3.3324,97.437,276.25,39.1
784,530.99,177.71,64.67,65.6,7,2,1,48,3.4951,97.194,290.85,38.42
785,530.08,181.59,6.99,63.42,1,0,1,47,3.452,98.749,310.26,35.93
786,539.45,182.54,0.39,31.57,0,3,1,48,3.7511,99.163,324.63,38.72
787,535.01,179.61,0.91,17.59,1,2,1,49,3.4158,99.019,323.63,41.05
788,528.27,175.93,39.75,26.28,1,1,1,47,3.7622,98.639,311.86,45.62
789,518.74,181.81,27.35,6.83,3,2,0,48,3.4757,97.353,317.75,39.24
790,490.1,186.27,32.84,26.5,1,3,1,48,3.7786,97.235,312.61,48.31
791,527.73,189.17,0.34,1.11,2,4,1,46,3.6424,97.863,333.09,45.23
792,523.74,181.1,24.72,118.42,2,4,1,46,3.6976,99.137,297.76,34.79
793,524.89,182.11,56.97,45.64,0,1,0,48,3.2629,99.404,300.25,44.91
794,497.02,178.51,26.31,434.08,6,1,1,48,3.5517,97.603,325.17,45.71
795,500.54,184.78,59.29,25.84,1,0,0,48,3.2856,98.905,344.59,54.58
796,538.96,179.06,11.94,50.93,8,0,1,48,3.3786,98.435,296.05,46.21
797,519.29,189.01,75.48,53.15,3,2,1,45,3.5741,97.08,315.31,36.15
798,532.27,172.5,39.95,1.02,3,1,1,47,3.6357,98.357,301.67,46.15
799,520.51,182.48,10.65,219.32,0,2,1,49,3.2235,99.015,322.2,45.87
800,520.54,187.11,12.16,3.9,2,5,1,48,3.5186,97.69,273.89,48.02
801,536.89,186.29,44.5,337.97,1,5,1,47,3.5392,99.243,302.39,58.18
802,510.71,203.85,79.72,267.16,1,2,1,47,3.2473,97.591,297.37,42.32
803,521.73,187.45,24.17,92.02,2,2,1,47,3.5004,97.191,302.47,41.74
804,511.68,177.97,13.45,94.13,1,0,1,49,3.6283,97.4,254.14,47.35
805,512.18,184.33,90.79,127.28,1,2,1,50,3.2319,99.093,354.54,54.13
806,514.43,172.57,49.79,58.74,4,2,1,48,3.6562,98.043,255.13,48.36
807,524.0,184.44,26.75,125.03,4,0,1,48,3.5459,98.992,320.48,43.29
808,511.38,179.17,30.12,5.5,0,2,1,50,3.6999,98.328,281.53,49.92
809,542.6,191.41,10.28,6.67,9,1,1,46,3.3308,98.201,282.62,53.97
810,503.9,181.15,44.35,73.33,2,4,1,48,3.7,99.017,313.04,41.16
811,516.64,184.18,19.99,95.72,2,0,1,45,3.2567,98.059,325.21,40.0
812,512.08,180.55,244.64,262.52,1,3,1,49,3.4423,99.005,286.34,45.28
813,546.05,197.17,29.44,13.27,2,6,1,50,3.3197,97.252,285.62,46.51
814,523.54,182.75,29.94,207.55,2,4,1,48,3.7256,98.591,281.51,51.92
815,538.57,197.83,37.55,28.29,3,2,1,49,3.623,98.756,314.72,42.66
816,493.26,190.7,111.87,60.12,0,2,1,45,3.2152,99.248,286.96,47.01
817,524.81,188.37,72.61,45.68,1,1,1,50,3.2057,97.561,338.35,52.78
818,536.01,187.58,27.0,61.33,2,2,1,48,3.3747,98.511,284.62,46.12
819,521.48,187.76,57.07,19.57,3,2,1,45,3.286,98.083,321.92,43.02
820,539.18,171.51,39.71,84.04,2,2,0,48,3.5782,97.957,343.98,47.85
821,510.69,183.05,30.51,194.12,1,2,1,49,3.5983,97.267,311.51,43.35
822,545.37,190.92,9.61,69.91,3,3,1,48,3.7652,97.336,270.61,46.69
823,561.38,184.66,28.06,80.95,1,1,1,48,3.7712,99.092,318.8,44.07
824,513.47,175.16,12.7,226.67,4,1,1,49,3.5953,98.874,304.58,44.28
825,511.98,184.63,110.85,146.92,7,0,1,48,3.2034,97.956,309.08,42.99
826,546.16,196.93,18.39,80.91,1,2,1,46,3.4154,99.071,344.89,42.13
827,548.43,193.73,136.89,35.76,2,1,1,46,3.5079,97.202,311.13,49.97
828,510.59,184.57,34.27,259.46,5,1,1,50,3.4995,98.562,321.3,45.95
829,512.44,191.66,44.93,103.25,3,2,1,49,3.562,99.17,295.43,51.37
830,514.93,182.43,35.23,29.99,3,2,1,49,3.7763,99.097,303.83,33.75
831,495.8,173.07,6.23,37.62,4,3,1,47,3.7311,97.932,334.71,42.4
832,503.46,178.53,21.21,195.03,2,1,1,48,3.2653,98.863,313.0,41.3
833,501.93,195.94,4.7,5.42,3,3,1,46,3.3596,98.069,316.28,43.73
834,506.18,183.08,43.89,580.79,3,3,0,47,3.6999,99.1,332.02,39.84
835,519.38,183.3,26.65,16.76,2,2,1,49,3.6946,98.327,345.86,36.96
836,524.22,182.9,67.73,190.8,5,4,1,47,3.3652,98.912,284.57,48.36
837,547.91,198.33,11.21,60.26,6,1,1,49,3.6384,97.196,299.19,42.03
838,502.03,196.38,8.09,81.32,4,3,1,49,3.6032,98.475,342.08,47.78
839,537.72,200.53,23.46,255.08,1,3,1,49,3.4841,98.376,353.83,39.11
840,516.15,183.89,117.52,63.91,3,1,1,49,3.3209,98.525,304.24,36.82
841,519.11,187.07,55.77,92.53,1,0,1,47,3.7332,98.739,315.97,46.21
842,532.15,174.38,24.43,6.07,3,0,1,47,3.6067,99.295,317.73,48.16
843,499.79,195.34,32.77,0.28,1,3,1,49,3.3014,98.964,315.15,41.92
844,526.88,176.83,3.96,33.69,3,3,1,43,3.6229,97.549,315.45,39.91
845,523.0,186.52,187.73,136.95,2,0,1,48,3.6449,99.065,340.03,51.25
846,528.86,177.32,49.4,15.51,2,2,1,49,3.7321,97.305,270.38,44.71
847,525.21,180.88,15.12,14.49,1,5,1,49,3.3337,98.555,295.58,40.01
848,564.2,179.14,39.66,63.51,4,1,0,47,3.7933,99.207,324.05,37.51
849,508.52,180.74,5.22,125.24,5,0,1,44,3.292,97.253,299.08,41.56
850,510.44,181.23,151.95,149.41,1,1,1,47,3.5604,99.124,316.3,43.03
851,508.78,181.16,8.65,23.59,1,3,1,45,3.5943,98.997,333.9,48.81
852,510.0,190.83,46.99,9.95,3,1,1,48,3.4514,98.259,345.2,44.92
853,508.53,177.27,12.67,338.41,4,1,1,48,3.485,97.772,316.1,44.32
854,541.4,186.54,56.89,36.24,4,1,1,48,3.7345,98.014,342.77,40.42
855,545.57,193.53,67.49,230.36,4,2,1,47,3.5872,99.422,313.12,51.9
856,509.73,181.41,50.36,238.96,1,0,1,48,3.4982,97.504,303.32,49.88
857,505.02,179.97,42.89,177.68,1,3,1,46,3.277,98.449,276.05,49.48
858,528.49,183.39,100.35,22.19,3,3,0,50,3.2044,97.208,287.93,44.7
859,510.06,193.26,3.69,206.98,4,2,1,48,3.275,97.545,310.1,47.01
860,531.39,186.36,18.08,175.97,2,1,1,48,3.7737,98.908,310.56,32.12
861,523.65,181.28,12.84,108.98,0,4,1,47,3.6585,97.756,315.05,46.01
862,492.72,188.39,199.08,49.35,1,1,1,49,3.7803,99.464,350.4,54.61
863,547.86,177.28,22.2,36.54,2,5,1,48,3.2214,98.252,326.52,42.1
864,552.33,189.77,59.36,15.6,3,1,1,48,3.6081,98.291,327.7,40.07
865,508.97,187.86,51.94,85.54,0,5,1,47,3.2266,97.091,350.22,44.29
866,513.02,182.85,10.73,105.61,1,1,1,46,3.6692,99.391,302.16,40.69
867,525.15,179.13,12.29,53.43,3,1,1,47,3.4286,97.436,298.8,40.38
868,526.02,178.79,14.86,77.4,4,3,1,48,3.2575,98.346,336.89,46.33
869,531.85,188.74,23.83,54.22,3,1,1,41,3.5408,97.989,320.69,49.12
870,556.18,193.6,12.01,122.93,3,1,1,46,3.3681,98.039,309.02,46.37
871,516.81,180.54,0.89,277.83,2,2,1,49,3.5957,98.608,308.67,39.27
872,505.63,188.21,95.18,21.48,3,3,1,49,3.5949,98.655,306.22,41.65
873,495.17,170.39,151.65,57.64,0,0,1,48,3.623,97.386,307.78,46.61
874,506.84,180.91,18.81,18.22,4,1,1,48,3.7955,98.249,309.94,48.29
875,519.4,184.78,18.6,117.68,3,3,1,46,3.432,98.976,303.46,43.96
876,552.3,178.63,0.32,156.62,3,0,1,46,3.4792,98.108,322.22,40.53
877,510.68,178.44,51.31,322.44,2,2,1,46,3.6828,97.415,326.42,48.87
878,524.03,180.33,78.55,39.23,2,1,1,49,3.547,97.783,297.58,54.06
879,519.7,187.05,7.13,360.0,0,2,0,47,3.2224,97.531,329.86,50.62
880,541.39,183.69,7.83,7.84,0,1,1,48,3.7058,97.315,282.03,54.92
881,565.48,169.33,70.25,110.86,3,3,1,49,3.2309,97.944,321.08,41.89
882,510.44,170.16,43.1,7.06,6,3,1,47,3.3025,98.352,322.18,50.16
883,511.19,180.75,2.07,269.06,1,3,1,49,3.2612,97.182,308.16,51.44
884,538.79,188.2,43.84,90.55,1,3,1,47,3.2468,98.51,311.26,42.56
885,532.27,165.77,16.63,132.8,0,2,1,47,3.2154,99.483,304.86,40.87
886,553.24,181.5,20.7,213.75,2,2,1,46,3.233,99.41,298.83,40.19
887,530.51,181.32,66.08,19.55,2,3,1,49,3.4655,99.073,310.01,44.54
888,513.53,194.72,74.95,4.72,4,1,1,46,3.3517,97.666,297.98,37.47
889,530.63,182.3,23.01,253.32,3,5,1,41,3.2759,97.056,335.07,53.45
890,539.96,187.68,132.32,45.39,3,2,1,46,3.5952,99.084,263.74,38.58
891,534.77,185.99,23.47,16.57,0,1,0,47,3.3357,97.139,307.04,47.11
892,529.13,170.09,66.5,75.84,2,1,1,47,3.2114,97.514,268.18,33.68
893,539.2,190.38,29.76,109.45,1,2,1,48,3.4511,98.361,286.6,55.23
894,541.05,186.51,102.52,3.78,1,6,1,47,3.3863,97.446,297.31,51.25
895,544.88,188.56,107.25,38.57,7,3,1,47,3.3912,99.084,339.47,37.03
896,531.68,212.48,4.12,4.0,5,1,1,47,3.4672,98.943,335.38,46.53
897,516.99,170.41,124.05,65.44,1,5,1,46,3.6013,98.889,311.6,43.79
898,522.64,197.07,78.57,270.57,1,3,1,48,3.5699,99.04,311.4,45.78
899,541.72,182.99,70.51,486.52,2,5,1,49,3.7624,97.549,332.82,48.18
900,505.3,187.01,10.09,121.62,1,2,1,47,3.5106,98.822,334.89,41.0
901,526.64,184.68,73.59,21.16,4,0,1,49,3.4835,97.888,297.35,44.73
902,512.92,182.03,85.41,283.54,3,0,1,48,3.328,98.667,324.8,35.95
903,520.52,181.01,15.36,87.14,3,1,1,50,3.6532,97.305,288.96,45.42
904,543.01,187.31,136.89,20.03,3,2,1,48,3.2845,98.764,301.43,34.7
905,523.44,174.38,2.3,305.71,0,3,1,46,3.4947,99.43,323.07,51.53
906,520.84,190.25,7.31,170.0,3,2,1,47,3.4528,97.109,295.53,37.68
907,495.52,182.09,34.71,157.88,3,2,1,50,3.595,97.235,302.19,46.47
908,533.43,177.09,38.59,148.21,1,3,1,48,3.7506,97.309,273.51,49.14
909,531.62,181.85,46.62,26.83,5,1,1,48,3.768,98.076,319.92,54.32
910,558.94,193.8,0.77,28.44,3,6,1,48,3.3007,97.727,290.58,53.87
911,514.46,181.25,145.26,139.88,3,0,1,48,3.3571,99.017,291.94,51.97
912,523.94,187.51,2.05,29.77,2,2,1,45,3.687,98.184,339.82,44.92
913,524.49,179.88,6.95,69.29,1,5,1,50,3.511,98.211,294.88,50.58
914,548.39,190.31,0.64,182.79,3,0,1,47,3.4718,98.793,326.55,46.38
915,518.28,189.8,37.65,183.87,3,1,1,46,3.6264,97.905,334.18,46.81
916,525.02,197.94,121.15,72.45,2,0,1,45,3.5612,97.883,330.18,41.9
917,530.94,183.77,49.34,188.54,5,1,1,49,3.7824,98.892,304.52,53.71
918,523.36,189.68,77.84,218.88,2,6,1,48,3.5504,98.95,300.6,40.99
919,511.96,185.69,0.6,127.63,2,2,1,50,3.4796,97.036,289.91,39.65
920,523.49,194.07,35.14,31.12,4,2,1,48,3.5257,97.359,271.25,47.04
921,539.33,179.97,27.69,38.43,1,1,1,49,3.6851,97.533,326.99,36.04
922,501.52,190.22,31.1,45.37,3,1,1,46,3.5676,97.879,324.9,45.59
923,522.39,183.64,3.37,14.9,2,1,1,49,3.5882,97.729,320.49,53.17
924,507.4,184.55,51.9,38.29,3,1,1,48,3.7829,98.671,247.56,47.08
925,541.51,185.64,31.48,28.21,3,1,1,48,3.571,99.07,306.1,45.16
926,492.58,186.77,65.2,72.91,2,0,1,44,3.4282,97.48,323.85,40.8
927,509.94,184.19,29.89,286.89,3,2,1,47,3.6148,98.407,338.3,37.49
928,526.79,186.5,7.28,13.24,2,1,1,48,3.5957,97.92,316.58,49.32
929,548.18,196.05,47.02,152.87,2,1,1,49,3.2083,98.264,314.27,45.14
930,518.82,191.9,8.51,139.49,4,1,1,49,3.4804,98.552,295.07,48.12
931,510.01,191.08,92.65,12.08,3,3,1,47,3.6457,99.234,318.33,34.04
932,553.86,181.81,42.73,307.01,4,3,1,47,3.4994,97.481,304.79,48.66
933,493.94,178.78,7.7,100.85,6,3,1,47,3.6678,97.218,293.95,54.93
934,480.42,191.69,147.56,54.26,3,1,1,50,3.4705,98.568,284.54,51.71
935,527.92,191.13,32.88,169.54,3,4,1,46,3.79,97.985,289.19,46.48
936,510.96,195.31,3.41,35.71,0,0,1,47,3.3757,97.407,317.15,39.78
937,501.62,180.77,44.36,141.91,5,3,1,44,3.2553,97.293,279.47,45.61
938,532.75,183.39,13.14,4.86,2,5,1,47,3.458,98.397,303.53,45.77
939,524.39,173.52,73.26,219.47,1,1,1,48,3.525,97.751,338.77,42.52
940,509.85,182.25,76.62,71.34,4,5,1,48,3.4095,99.494,278.45,42.9
941,496.95,191.98,173.73,121.5,4,2,1,49,3.3454,98.015,319.88,55.49
942,535.7,181.73,31.36,30.01,3,3,0,47,3.6032,97.531,322.04,40.17
943,531.7,189.48,27.31,135.64,4,0,1,47,3.4263,98.572,303.59,42.86
944,518.21,183.67,63.01,177.54,1,3,1,49,3.5788,97.611,323.69,47.81
945,553.24,187.27,6.39,76.92,4,0,0,49,3.6674,98.235,305.86,55.9
946,500.74,176.97,35.63,115.39,1,1,1,49,3.6566,98.206,327.5,43.49
947,492.54,185.6,35.56,73.13,5,1,1,45,3.4252,98.134,286.5,36.01
948,507.55,164.06,4.22,269.42,0,1,1,49,3.5407,98.99,351.56,34.32
949,519.18,183.69,24.36,82.67,2,2,1,48,3.4698,97.542,341.62,57.6
950,524.38,173.59,86.37,221.27,2,6,1,48,3.7225,99.261,260.95,35.45
951,515.66,193.44,87.26,193.95,1,2,1,48,3.7273,98.978,335.79,45.38
952,526.34,190.44,4.7,63.42,4,3,1,47,3.4062,97.833,297.31,37.44
953,497.47,188.27,4.28,31.38,1,2,1,46,3.255,97.452,341.52,41.06
954,545.99,195.65,13.71,62.52,4,7,1,49,3.3005,97.699,332.2,41.76
955,518.52,178.36,93.49,209.99,2,3,1,47,3.4202,97.832,286.08,35.22
956,540.11,197.23,6.21,31.0,1,0,1,48,3.5385,98.392,322.65,51.1
957,526.17,191.53,57.28,89.19,1,2,1,44,3.5941,97.116,294.58,47.15
958,528.22,183.34,4.8,196.85,3,0,1,48,3.3988,99.286,321.84,42.86
959,530.26,192.95,43.91,52.34,2,2,1,50,3.6005,97.247,311.01,42.13
960,528.06,177.26,19.81,123.34,0,1,1,48,3.7626,97.698,293.95,50.44
961,531.57,179.23,70.0,33.82,3,0,1,49,3.5912,97.273,280.59,45.45
962,543.92,180.74,11.98,13.89,1,0,1,50,3.2951,97.642,315.06,55.43
963,523.54,181.3,45.87,189.81,0,1,1,47,3.5478,99.094,320.21,42.76
964,532.76,177.6,12.09,12.51,6,2,1,47,3.5251,98.538,306.53,47.13
965,518.38,193.56,56.28,37.99,2,1,1,48,3.7224,97.568,292.97,38.84
966,545.92,183.19,93.1,231.81,5,2,1,47,3.4102,99.179,299.37,42.83
967,507.82,187.47,6.1,51.04,2,2,1,48,3.4538,99.002,285.88,50.19
968,552.42,181.01,90.65,433.63,4,2,1,47,3.5592,98.884,326.19,50.89
969,519.28,172.26,40.52,467.86,1,0,1,47,3.5147,99.119,262.49,54.21
970,494.25,186.89,6.12,37.48,3,2,1,47,3.6314,98.549,330.94,47.23
971,522.31,171.61,25.1,5.02,1,3,1,49,3.2242,98.254,308.33,51.18
972,507.74,184.52,7.89,146.52,0,1,1,49,3.5381,97.935,321.48,48.12
973,535.13,175.42,54.23,71.96,2,1,1,48,3.273,97.559,323.63,42.93
974,508.25,198.91,64.01,12.74,1,2,1,48,3.3891,98.394,312.58,37.43
975,511.97,191.38,5.03,147.52,1,3,1,46,3.597,99.224,301.42,43.84
976,485.99,185.74,31.75,3.8,3,2,1,48,3.2944,98.485,334.33,39.27
977,511.86,193.85,75.84,245.01,1,2,1,49,3.3853,99.299,272.26,50.27
978,476.37,179.08,123.81,17.91,3,3,1,49,3.6218,97.892,338.64,50.56
979,491.49,188.8,32.42,16.34,1,1,1,49,3.5905,98.738,285.29,39.92
980,533.69,186.4,135.06,23.18,4,4,1,47,3.2546,98.622,302.84,50.56
981,534.14,186.85,34.52,387.07,3,2,1,48,3.5464,98.676,341.49,39.1
982,527.66,193.91,22.55,141.78,5,2,1,47,3.2884,98.613,359.05,52.22
983,502.59,190.13,84.83,193.96,5,1,1,48,3.3514,97.554,314.0,44.19
984,519.14,187.02,30.56,60.83,1,1,1,46,3.4755,97.359,280.2,47.29
985,519.94,173.42,28.73,49.19,3,2,1,44,3.2656,99.447,328.79,52.25
986,499.15,178.28,30.33,32.06,2,3,1,47,3.7962,97.113,309.14,47.98
987,547.06,184.14,84.42,78.62,2,1,1,46,3.2992,98.169,286.64,44.33
988,535.79,185.65,80.25,96.31,5,3,1,48,3.6688,98.063,314.82,49.37
989,516.02,177.09,23.25,119.89,5,2,1,45,3.6979,97.9,281.19,40.16
990,520.48,201.88,18.24,35.67,2,4,1,46,3.7967,98.955,314.29,35.36
991,523.75,195.61,30.47,356.3,0,4,1,43,3.4572,98.863,289.75,50.73
992,483.25,189.21,38.27,22.32,4,2,1,47,3.7245,99.263,266.7,38.44
993,515.55,185.5,12.25,404.55,3,3,1,46,3.7745,97.989,273.44,49.61
994,507.72,183.51,71.08,1.8,5,2,1,47,3.3037,98.41,296.63,45.71
995,501.97,178.34,29.99,78.73,0,1,1,49,3.4877,99.231,321.04,44.93
996,514.94,185.54,18.29,48.66,1,1,1,48,3.236,99.485,337.59,40.27
997,552.36,186.8,5.08,71.55,2,0,1,46,3.5724,99.423,341.41,42.75
998,531.54,176.31,12.28,101.46,1,1,1,50,3.5488,98.795,276.74,45.07
999,509.72,187.34,134.17,68.64,4,2,1,47,3.3225,97.358,305.06,45.99
1000,530.31,183.91,16.38,64.31,1,3,1,48,3.6787,97.058,296.57,40.48
1001,545.19,171.65,8.32,158.34,4,2,1,48,3.2224,99.063,307.66,48.72
1002,536.64,178.98,27.78,138.96,0,0,1,46,3.6837,99.102,341.03,49.04
1003,521.07,182.1,16.51,214.97,0,2,1,46,3.216,98.866,313.55,47.42
1004,508.36,198.21,1.61,34.52,3,2,1,47,3.5941,97.7,329.09,42.81
1005,532.57,188.9,17.56,112.85,4,1,1,49,3.2473,98.6,358.65,49.3
1006,527.08,175.65,35.35,105.59,4,1,1,48,3.3507,97.791,275.57,48.11
1007,536.11,188.4,36.1,55.39,3,1,1,48,3.6331,98.127,299.55,35.23
1008,531.43,174.17,19.84,79.88,1,3,1,48,3.3682,97.956,322.57,46.06
1009,538.89,192.58,26.68,45.19,2,1,1,49,3.5067,99.284,315.86,54.67
1010,510.37,181.7,151.53,18.36,1,2,1,47,3.7491,97.585,333.07,49.86
1011,543.71,184.34,21.32,28.87,3,1,1,48,3.2298,98.444,301.56,50.77
1012,523.56,194.28,13.44,13.38,3,0,1,47,3.6866,97.902,314.53,41.49
1013,557.35,175.99,12.56,137.89,3,4,1,48,3.2392,98.658,293.36,45.63
1014,507.59,175.22,27.54,129.71,0,0,1,48,3.2761,98.411,333.4,44.08
1015,551.25,180.91,64.13,360.95,1,3,1,50,3.2716,99.31,310.93,44.99
1016,523.56,192.27,10.38,156.98,0,0,1,43,3.7965,97.254,340.88,42.43
1017,508.27,174.36,55.6,6.41,2,1,1,48,3.3081,97.552,341.04,38.82
1018,511.29,165.17,0.96,258.75,4,1,1,50,3.7381,98.916,281.8,45.32
1019,514.23,181.84,24.43,238.25,2,0,1,47,3.7946,97.922,344.43,41.1
1020,527.63,188.86,67.3,70.29,3,0,1,46,3.4303,97.414,330.48,47.93
1021,529.41,193.4,18.61,105.79,4,4,1,46,3.5786,98.258,306.56,44.85
1022,509.67,181.76,37.33,447.96,2,1,1,47,3.6675,98.63,328.51,35.36
1023,519.56,182.12,10.32,91.19,3,0,1,49,3.4356,97.112,298.83,51.91
1024,558.56,193.08,60.97,282.87,3,0,1,47,3.2971,97.729,339.94,47.18
1025,551.1,171.91,2.42,10.4,3,3,1,46,3.4603,99.024,312.18,42.71
1026,527.85,182.28,86.14,25.44,1,1,1,47,3.6631,98.301,329.53,43.32
1027,520.68,186.33,9.94,69.74,2,3,1,46,3.6685,97.088,296.12,38.86
1028,522.16,188.14,93.36,105.47,1,2,0,49,3.3383,97.705,316.2,44.69
1029,531.04,181.43,19.56,203.29,0,2,1,49,3.305,98.598,329.49,48.41
1030,501.59,185.24,57.72,533.39,2,1,1,46,3.7523,97.498,316.77,53.72
1031,515.37,167.58,17.3,59.09,1,1,1,47,3.2264,99.068,322.35,44.56
1032,489.97,180.39,106.36,5.83,7,0,1,50,3.6408,98.691,293.29,45.24
1033,527.19,188.17,6.09,193.84,1,0,1,48,3.2279,98.178,316.7,50.96
1034,531.65,178.12,8.85,111.28,2,5,1,46,3.7027,99.289,293.4,39.21
1035,511.3,185.41,30.57,26.56,2,0,1,50,3.7432,97.98,309.6,45.73
1036,548.33,188.13,3.85,81.94,5,5,1,50,3.3785,97.588,299.16,41.22
1037,497.94,182.6,9.82,162.72,2,1,1,48,3.2444,98.654,305.5,45.66
1038,493.64,186.19,129.52,176.58,2,1,1,45,3.4884,98.433,271.46,49.68
1039,524.04,178.26,168.76,83.09,0,0,1,45,3.3791,97.838,310.58,36.74
1040,538.85,183.55,21.24,43.7,1,1,1,48,3.4503,97.859,307.63,50.56
1041,550.31,189.27,115.55,436.78,0,1,1,47,3.599,97.996,276.66,46.8
1042,511.74,186.1,35.42,130.65,4,3,1,48,3.3259,97.728,317.51,45.7
1043,539.42,180.89,14.15,62.96,1,0,1,49,3.4142,98.776,328.17,51.73
1044,519.31,186.57,54.54,39.5,4,3,1,46,3.6695,98.628,316.94,41.05
1045,516.89,190.0,48.4,157.61,3,3,1,49,3.5863,98.102,327.29,38.3
1046,535.91,170.65,203.46,33.28,2,3,1,48,3.3958,97.995,298.41,39.88
1047,531.74,193.11,13.86,22.61,2,1,1,47,3.5986,97.913,305.32,47.66
1048,491.62,182.65,50.17,90.56,3,1,1,49,3.6592,97.709,311.63,42.53
1049,546.58,187.98,2.4,41.1,3,2,1,48,3.5555,97.214,313.21,40.63
1050,544.84,193.38,5.43,118.96,2,0,1,47,3.3437,97.671,258.31,40.11
1051,508.74,175.4,0.18,15.06,3,2,1,47,3.2001,97.803,289.74,45.87
1052,527.12,180.03,338.63,127.68,3,2,1,49,3.6817,98.369,332.05,44.86
1053,528.89,182.98,72.94,39.97,5,1,1,48,3.6936,98.934,292.79,37.91
1054,524.69,179.51,69.53,0.03,0,0,1,47,3.6186,97.989,304.57,38.07
1055,510.09,197.14,32.08,16.29,1,3,1,44,3.2459,99.362,308.85,42.37
1056,507.91,179.0,16.05,325.47,3,2,1,49,3.5511,99.068,280.51,49.59
1057,519.54,181.11,7.38,242.41,3,1,1,44,3.6926,99.462,344.76,42.87
1058,541.11,186.43,15.08,31.93,1,1,1,47,3.4338,99.191,309.31,37.62
1059,529.78,176.58,21.22,180.81,0,1,1,46,3.3188,98.542,291.16,44.57
1060,513.33,182.23,63.53,112.55,1,0,1,49,3.5526,98.496,324.27,45.19
1061,533.89,187.22,34.91,424.46,3,3,1,48,3.6958,97.324,303.47,37.57
1062,468.73,182.67,3.63,56.13,1,3,1,50,3.2293,98.806,311.29,38.91
1063,540.68,184.35,0.82,137.28,4,1,1,48,3.5582,98.501,340.99,48.72
1064,488.69,181.29,4.86,7.88,1,2,1,44,3.5859,98.267,298.09,38.85
1065,513.48,174.4,23.78,60.55,1,2,1,49,3.5614,98.733,335.14,48.93
1066,499.85,187.25,121.77,398.3,2,6,1,47,3.59,98.11,302.47,37.27
1067,496.7,197.28,45.65,92.92,3,1,0,50,3.5788,98.31,311.5,37.45
1068,540.89,185.13,72.84,40.74,3,1,1,47,3.2782,97.996,316.67,45.12
1069,511.58,186.58,28.26,15.38,1,3,1,49,3.341,98.793,302.42,41.23
1070,526.24,189.85,20.2,145.9,3,2,1,49,3.5714,99.192,287.63,42.33
1071,519.16,176.11,5.16,124.23,2,1,1,48,3.2106,99.102,319.97,45.76
1072,528.59,196.92,93.91,56.2,3,0,0,46,3.5808,98.965,334.67,42.18
1073,521.38,186.42,68.79,361.77,3,1,1,49,3.5992,97.034,323.79,40.26
1074,496.91,196.42,8.28,2.69,3,2,1,49,3.3435,99.28,323.15,47.45
1075,537.93,179.87,32.31,43.44,3,2,1,50,3.5589,97.687,299.93,45.9
1076,511.11,197.73,30.07,304.7,5,1,1,44,3.5205,99.22,325.14,45.22
1077,491.98,190.43,44.15,46.44,5,3,1,47,3.3564,97.492,317.88,44.91
1078,512.29,188.87,131.5,34.88,4,1,1,47,3.4778,98.099,328.98,40.99
1079,547.01,186.64,39.01,91.69,1,2,1,47,3.7458,98.873,312.17,39.95
1080,535.3,183.26,34.97,208.34,4,3,1,49,3.456,98.601,323.13,43.28
1081,513.72,193.4,2.32,13.06,2,6,1,47,3.5779,98.04,299.37,41.07
1082,513.71,185.98,2.92,343.81,1,4,1,49,3.2212,98.697,325.3,44.94
1083,514.21,171.23,9.34,190.21,2,2,1,48,3.2467,98.372,282.29,43.04
1084,557.38,177.18,1.49,24.0,2,2,1,47,3.2488,97.689,302.64,45.09
1085,526.87,183.7,61.2,149.38,7,0,1,47,3.6669,98.616,294.66,44.54
1086,527.74,187.17,57.82,58.33,4,2,1,49,3.4102,97.511,387.13,53.83
1087,538.55,184.6,6.58,61.76,2,4,1,50,3.3366,98.735,324.35,38.07
1088,524.3,193.53,81.38,183.5,3,1,1,46,3.6484,97.008,286.16,44.06
1089,515.34,171.34,7.57,394.92,3,2,1,47,3.302,98.372,279.91,39.46
1090,516.47,186.01,16.13,16.25,5,1,1,49,3.3479,98.003,271.59,42.58
1091,518.71,172.27,12.88,65.5,4,3,0,49,3.4586,97.758,284.93,40.91
1092,519.33,190.32,20.96,78.69,1,2,1,46,3.3989,98.289,291.33,48.19
1093,533.1,184.34,13.23,56.65,2,2,1,46,3.5512,98.613,288.54,37.63
1094,520.94,187.94,30.21,54.15,2,2,1,43,3.4027,99.413,299.72,48.9
1095,533.19,178.95,23.55,6.44,3,2,1,49,3.4358,99.083,328.36,47.65
1096,518.55,193.96,193.96,138.83,3,2,1,48,3.7177,98.793,305.62,55.28
1097,521.42,192.29,2.59,68.77,6,2,1,49,3.7307,98.197,325.68,54.02
1098,484.03,189.08,6.9,26.0,0,3,1,47,3.6966,97.98,286.57,41.01
1099,536.49,184.09,2.44,203.16,2,5,1,49,3.7189,97.081,301.58,51.18
1100,526.24,189.06,44.24,194.68,2,4,1,49,3.5418,97.898,289.36,43.38
1101,537.96,180.05,2.52,79.96,2,1,1,50,3.5877,99.121,319.74,46.52
1102,467.87,190.99,81.48,42.54,5,2,1,47,3.5343,97.96,306.01,53.6
1103,557.59,196.55,32.28,121.96,0,0,1,48,3.6714,98.154,349.01,41.21
1104,517.49,192.49,33.69,40.79,2,0,0,47,3.5306,97.68,295.25,45.28
1105,539.95,179.89,37.11,32.3,1,2,1,46,3.2666,97.685,287.13,35.26
1106,501.28,187.53,8.43,157.35,4,0,1,47,3.6857,97.155,316.53,49.44
1107,531.03,175.95,9.91,4.94,1,2,1,48,3.6564,98.535,306.12,55.51
1108,501.04,189.01,17.28,11.95,2,5,1,44,3.6922,98.12,321.06,47.87
1109,508.77,188.15,40.51,0.82,1,1,1,48,3.3143,98.515,308.64,51.84
1110,554.45,171.91,10.61,19.92,4,3,1,49,3.363,98.367,306.9,50.71
1111,516.57,176.87,5.57,8.58,1,2,1,43,3.3775,98.997,295.3,41.47
1112,523.91,183.02,157.97,656.79,2,4,1,50,3.5048,98.878,304.07,46.62
1113,535.66,182.89,1.0,40.9,4,2,1,47,3.2803,98.929,276.35,47.47
1114,528.92,176.53,73.04,19.4,3,5,1,48,3.4312,98.248,336.35,39.17
1115,522.71,187.72,69.81,33.09,6,2,1,48,3.3093,97.885,337.93,52.22
1116,526.57,186.76,15.87,330.1,4,4,1,47,3.3589,99.334,330.63,42.48
1117,563.26,183.64,6.56,88.12,0,2,1,49,3.6238,97.136,299.93,43.92
1118,518.96,179.71,7.08,54.46,1,0,1,47,3.7129,97.382,296.18,43.68
1119,523.62,192.34,53.8,248.0,1,4,1,47,3.2137,98.049,320.98,45.19
1120,538.91,196.59,46.33,60.3,2,1,1,49,3.5395,98.535,289.06,59.65
1121,539.9,181.62,68.7,48.96,0,1,1,48,3.2216,97.021,335.01,41.97
1122,541.37,180.71,124.75,27.87,5,6,1,49,3.2511,98.798,257.62,37.27
1123,531.5,188.44,52.98,56.94,5,2,1,46,3.6231,98.397,300.06,45.82
1124,499.43,182.49,7.62,45.7,6,1,1,47,3.6414,98.212,286.58,40.68
1125,549.4,184.02,12.55,135.73,0,1,1,46,3.6884,98.059,337.43,42.96
1126,499.37,190.18,83.09,41.03,2,5,1,49,3.4845,98.299,333.62,48.1
1127,525.45,171.63,10.57,103.3,3,3,1,50,3.7159,97.404,322.42,39.56
1128,506.42,194.23,3.39,8.18,2,3,1,49,3.3001,97.272,352.14,43.18
1129,518.85,185.51,54.67,25.48,5,1,1,49,3.3498,97.724,310.22,46.46
1130,525.92,182.12,23.18,62.79,3,3,1,48,3.2807,98.774,323.89,41.11
1131,525.78,184.38,113.68,331.66,5,0,1,44,3.6785,98.471,274.85,44.8
1132,527.59,184.74,47.27,56.83,2,0,1,48,3.3372,98.2,302.96,46.46
1133,549.05,172.88,4.26,130.9,1,5,1,45,3.2933,98.429,312.42,44.42
1134,528.16,195.46,132.92,35.34,4,0,1,50,3.5739,98.398,289.83,45.78
1135,515.61,185.29,13.46,16.3,1,0,1,45,3.2462,97.768,315.62,46.78
1136,537.35,188.1,18.51,7.24,3,3,1,49,3.2269,97.244,266.69,41.63
1137,541.41,191.66,23.16,43.73,0,2,1,45,3.264,99.242,321.0,37.66
1138,497.9,177.85,2.37,20.59,2,2,1,50,3.2001,98.5,300.44,39.82
1139,530.75,188.31,30.88,22.94,1,3,1,45,3.6182,98.744,292.68,39.01
1140,532.62,183.13,5.92,171.63,6,3,1,49,3.5373,98.16,326.35,51.16
1141,514.64,190.93,23.06,1.92,2,2,1,48,3.3259,98.891,342.2,36.32
1142,544.76,170.11,19.43,97.92,3,5,1,48,3.3398,98.461,329.62,48.14
1143,517.3,184.31,66.69,57.26,3,3,1,48,3.6866,97.135,292.15,41.58
1144,522.26,180.78,73.14,84.76,0,0,1,47,3.5011,99.225,324.7,50.18
1145,516.88,188.03,7.49,99.29,0,5,1,44,3.6191,97.764,304.37,42.89
1146,520.28,188.29,20.55,45.11,1,2,1,47,3.4717,97.345,334.85,45.15
1147,500.27,180.05,21.03,41.97,0,3,1,47,3.3426,97.22,314.86,47.59
1148,494.08,180.01,7.39,158.64,2,0,1,49,3.7822,98.801,277.56,51.27
1149,548.7,184.23,72.08,246.01,2,1,0,47,3.5394,98.76,304.67,42.15
1150,504.75,178.72,55.28,25.67,5,2,1,48,3.2786,98.75,291.84,41.92
1151,502.15,190.89,9.5,12.33,1,2,1,46,3.4437,99.289,292.9,47.56
1152,481.24,182.42,20.56,273.69,3,1,1,48,3.3976,97.872,302.85,37.06
1153,508.5,164.65,5.03,51.67,1,2,1,47,3.3285,98.403,316.03,36.41
1154,496.18,182.38,44.52,96.17,5,3,1,49,3.7601,98.549,329.98,46.83
1155,549.56,177.73,5.82,53.47,0,2,1,49,3.7286,99.449,298.44,48.35
1156,538.18,173.58,191.88,16.13,2,1,1,48,3.3195,97.781,336.68,46.67
1157,507.61,176.34,68.28,106.8,1,2,1,48,3.4113,99.391,272.55,44.51
1158,560.54,185.77,22.26,89.37,2,1,1,49,3.6574,97.372,291.57,42.31
1159,537.67,194.3,38.88,27.23,2,2,1,50,3.3251,98.91,355.06,52.94
1160,514.15,187.19,109.03,72.15,1,0,1,46,3.5549,98.582,284.86,53.59
1161,475.01,180.75,36.34,191.31,1,4,1,50,3.6199,99.042,337.53,45.54
1162,561.24,188.19,8.63,107.12,4,1,1,46,3.5924,97.072,309.43,41.58
1163,494.99,181.79,21.42,12.23,4,3,0,49,3.6238,97.195,308.44,39.95
1164,490.38,180.14,83.36,95.29,2,1,1,50,3.624,97.174,330.58,47.16
1165,538.41,176.92,46.5,145.58,0,2,1,47,3.7789,98.482,327.49,38.86
1166,563.92,172.74,47.34,188.83,1,1,1,48,3.4079,98.507,339.34,38.97
1167,544.92,182.27,90.72,119.02,6,0,1,48,3.7272,99.265,304.56,42.58
1168,530.15,186.11,100.98,19.88,1,0,1,47,3.2131,98.169,313.15,47.54
1169,530.71,184.32,113.54,148.62,5,1,1,48,3.3729,97.17,304.5,52.34
1170,535.36,182.09,4.48,135.74,1,3,1,47,3.2292,97.524,285.54,46.25
1171,533.66,178.38,35.35,2.97,5,3,1,48,3.5907,97.02,313.75,47.48
1172,525.06,189.26,60.71,63.67,3,1,1,48,3.2605,98.942,306.37,49.91
1173,521.88,175.78,63.65,48.59,1,0,1,46,3.7074,99.039,268.83,49.45
1174,518.87,190.43,42.0,132.83,1,1,1,47,3.588,99.495,334.41,42.24
1175,506.43,177.98,8.21,29.22,3,1,1,48,3.2173,98.03,313.26,49.36
1176,514.95,179.73,71.85,107.25,5,0,1,46,3.6289,97.048,294.59,50.16
1177,489.53,174.73,57.3,293.31,2,0,1,45,3.7172,97.587,317.31,46.55
1178,518.23,181.49,4.05,191.82,1,0,1,48,3.5967,98.469,298.47,45.68
1179,502.21,191.83,28.05,305.29,0,2,1,49,3.2183,99.405,314.43,48.0
1180,500.14,188.61,8.6,460.8,2,0,1,45,3.7148,97.259,340.52,47.48
1181,523.24,191.85,18.53,1.29,6,2,1,49,3.6395,97.304,318.77,35.68
1182,545.06,188.65,0.82,116.98,1,2,1,50,3.4271,98.754,299.28,47.14
1183,536.53,177.27,23.01,63.89,4,1,1,48,3.3972,98.668,287.32,50.9
1184,491.73,182.68,35.92,235.81,4,4,1,47,3.4879,97.626,294.28,49.94
1185,502.19,179.54,43.49,34.81,1,3,1,45,3.7203,99.033,327.86,46.89
1186,536.93,194.31,49.01,475.78,1,1,1,47,3.3512,97.322,308.76,45.74
1187,502.32,176.62,81.44,114.14,1,2,1,45,3.2606,99.314,322.31,43.02
1188,515.96,191.26,10.92,189.32,2,1,1,49,3.7188,97.503,303.85,44.43
1189,529.9,191.25,5.78,10.74,4,5,1,50,3.2158,97.203,289.47,48.64
1190,502.57,197.81,85.83,24.32,4,5,1,47,3.7466,97.849,323.18,46.92
1191,521.9,182.13,7.66,170.46,2,1,1,44,3.3834,97.47,292.2,49.52
1192,495.99,189.99,165.57,2.67,3,3,1,48,3.5049,98.317,301.03,42.4
1193,509.18,200.97,83.19,203.71,2,3,1,50,3.2794,98.717,283.07,50.42
1194,525.76,180.68,31.27,1.69,2,3,1,49,3.7414,98.227,289.43,41.91
1195,491.33,174.25,179.36,128.44,4,2,1,49,3.6499,98.652,329.71,46.01
1196,527.93,171.84,4.61,54.51,1,3,1,48,3.7545,97.912,333.05,42.19
1197,519.65,189.99,16.25,113.45,1,2,1,50,3.6099,97.07,334.01,44.51
1198,529.94,171.82,45.75,142.9,1,0,0,45,3.3108,99.435,334.09,55.17
1199,524.03,182.39,19.39,50.31,3,2,1,48,3.385,99.049,302.21,47.55
1200,544.55,188.06,118.63,13.71,2,4,1,47,3.4921,97.184,324.64,46.13
1201,522.25,186.3,3.05,8.66,6,0,1,50,3.5644,98.123,333.16,52.06
1202,512.27,187.98,35.87,106.68,2,4,1,50,3.7559,98.588,290.8,32.18
1203,522.2,186.56,40.22,88.24,2,0,1,47,3.4304,97.476,314.26,44.21
1204,529.78,193.95,47.59,162.67,3,2,1,46,3.6218,98.445,307.19,42.5
1205,520.88,178.33,13.29,85.54,3,0,1,48,3.7766,98.334,268.83,40.71
1206,520.73,180.26,20.41,65.87,1,0,1,46,3.2914,97.521,317.16,37.36
1207,507.36,179.59,83.51,60.92,2,1,1,46,3.7176,97.353,294.28,43.9
1208,508.07,190.81,9.76,3.22,2,3,1,50,3.4524,98.897,333.13,48.47
1209,494.75,191.3,78.92,49.06,5,4,1,49,3.6395,97.806,293.23,44.27
1210,551.49,188.16,37.22,447.67,3,1,1,47,3.3761,97.61,317.24,48.99
1211,497.61,193.28,64.63,248.15,3,1,1,48,3.4004,98.845,312.47,45.36
1212,507.53,176.75,56.27,47.95,2,1,1,48,3.2163,98.84,272.09,50.83
1213,507.07,196.67,10.47,106.35,4,3,1,48,3.7828,97.691,302.95,42.49
1214,536.11,195.66,37.85,225.51,0,0,1,48,3.6881,99.181,317.86,35.64
1215,514.69,190.15,91.03,69.85,1,6,1,45,3.2564,98.721,332.52,37.1
1216,542.46,197.47,25.46,2.17,3,0,1,49,3.7997,97.864,310.41,42.51
1217,507.88,173.4,152.95,9.29,2,0,1,48,3.563,98.069,329.93,40.6
1218,525.02,181.33,27.08,85.7,2,1,1,48,3.7122,98.817,321.82,42.05
1219,504.96,179.85,6.93,418.57,4,4,1,47,3.24,97.529,322.56,50.69
1220,558.61,190.05,22.2,141.79,0,0,1,47,3.4337,98.172,323.54,37.49
1221,498.62,177.65,136.37,8.83,6,3,1,45,3.6018,98.634,303.96,52.54
1222,525.58,190.3,17.34,25.19,1,3,1,46,3.2639,98.349,288.24,40.97
1223,531.41,194.59,91.16,177.05,3,0,1,47,3.4933,98.521,344.53,38.78
1224,527.45,189.87,95.88,220.99,2,0,1,49,3.4656,98.366,326.9,44.31
1225,516.66,186.99,19.4,115.38,1,0,1,48,3.3296,97.498,308.49,52.5
1226,517.66,178.08,3.91,124.08,1,2,1,47,3.3802,98.026,323.58,41.44
1227,520.79,179.07,58.02,3.45,1,2,1,46,3.7803,98.33,318.74,42.0
1228,517.35,193.75,16.8,211.6,2,3,0,45,3.3732,98.95,291.21,42.33
1229,537.35,190.46,68.74,186.3,0,1,1,47,3.3281,98.635,302.57,50.75
1230,559.79,184.73,26.31,35.98,0,1,1,48,3.5217,98.066,339.18,42.77
1231,509.97,182.07,29.88,148.0,4,3,1,50,3.6026,99.436,309.88,47.23
1232,495.34,170.82,67.71,29.03,3,0,1,50,3.6351,97.269,318.26,45.6
1233,518.41,177.5,21.68,4.94,2,3,1,49,3.6525,97.517,337.71,44.45
1234,566.43,198.38,26.34,26.95,0,1,1,50,3.2221,97.853,309.82,42.51
1235,505.53,176.04,21.24,23.61,2,1,1,48,3.4363,97.571,289.51,54.84
1236,549.5,186.33,20.6,49.45,0,2,1,48,3.6644,98.564,312.49,58.96
1237,550.2,192.05,33.59,65.05,6,3,1,47,3.7429,97.099,297.72,40.58
1238,510.04,176.22,74.45,85.24,4,2,1,48,3.5613,97.444,279.39,39.64
1239,530.24,186.29,20.21,77.72,1,1,1,47,3.2314,97.733,327.67,45.2
1240,549.31,191.57,33.43,37.88,3,2,1,48,3.438,98.708,304.36,33.63
1241,513.18,185.09,49.99,3.55,5,4,1,49,3.2445,99.19,244.32,45.24
1242,516.34,205.08,14.13,111.5,5,1,1,45,3.6491,98.996,315.58,55.04
1243,509.53,173.32,14.63,60.45,3,0,1,49,3.2381,97.455,315.85,42.01
1244,501.73,192.41,121.92,42.57,3,2,1,45,3.3114,98.414,352.92,50.4
1245,508.31,183.79,57.86,242.04,1,1,1,48,3.4502,97.075,309.91,52.35
1246,497.97,190.4,38.74,164.8,2,1,1,48,3.4776,97.776,333.49,40.69
1247,520.61,188.09,46.95,234.03,2,4,1,49,3.4439,99.015,324.22,45.89
1248,506.14,179.87,1.34,81.98,5,2,1,50,3.478,98.142,297.03,46.77
1249,524.21,186.6,43.32,16.84,1,0,1,48,3.6279,97.375,317.66,48.64
1250,491.99,171.99,32.06,142.97,2,3,1,47,3.4216,98.096,306.38,49.01
1251,525.96,189.22,35.51,27.69,1,1,1,49,3.5287,97.495,294.87,50.61
1252,535.0,187.09,20.04,69.84,1,2,1,47,3.382,97.983,298.64,41.09
1253,484.11,189.47,3.82,8.07,3,2,1,49,3.4122,98.22,295.65,45.87
1254,526.73,192.41,9.67,209.37,1,0,1,48,3.5683,97.874,309.79,52.41
1255,542.1,187.57,135.48,16.15,4,0,1,45,3.4943,99.342,309.9,52.95
1256,498.23,186.04,23.64,280.09,2,2,1,46,3.6338,98.406,297.9,46.13
1257,550.11,178.83,28.29,239.62,3,2,1,48,3.5363,99.107,305.42,42.34
1258,527.54,180.01,2.44,74.97,2,3,1,49,3.6821,98.902,268.73,50.18
1259,507.31,193.31,1.72,163.68,3,3,1,49,3.466,98.653,287.81,47.68
1260,519.0,195.05,56.83,115.93,0,1,1,45,3.4946,98.242,303.57,47.57
1261,530.05,183.33,34.76,194.99,2,2,1,49,3.602,97.005,346.78,48.88
1262,521.37,185.32,31.98,67.83,3,1,1,46,3.3327,98.534,323.93,40.25
1263,529.7,178.67,12.54,184.91,3,1,1,48,3.4316,97.89,288.5,49.24
1264,503.43,193.21,61.45,74.49,3,0,1,44,3.5749,97.294,345.53,45.77
1265,523.05,189.66,8.29,339.56,2,2,1,48,3.2173,98.112,309.96,50.71
1266,494.55,198.59,9.48,79.95,2,1,1,48,3.4622,98.839,285.04,45.1
1267,518.0,178.85,27.79,74.53,4,2,1,47,3.5593,99.404,308.26,47.92
1268,503.73,182.35,15.18,184.49,3,1,1,45,3.7804,97.935,331.67,47.29
1269,506.76,186.62,12.79,206.83,2,0,1,44,3.7262,98.357,285.06,42.27
1270,542.25,189.53,46.63,97.02,5,3,1,47,3.3684,99.128,287.2,40.49
1271,539.64,183.49,47.37,23.78,3,2,1,47,3.5043,97.835,349.74,49.03
1272,530.96,178.89,78.31,75.68,2,3,1,47,3.2338,97.356,316.52,40.72
1273,500.34,191.17,24.34,413.31,3,1,1,47,3.3445,97.705,299.62,43.32
1274,514.3,190.05,3.42,167.8,2,2,1,46,3.6649,99.248,307.66,43.17
1275,541.84,178.59,14.39,200.02,1,7,1,48,3.274,97.398,316.28,46.84
1276,522.55,194.49,176.05,4.01,1,0,1,47,3.3546,97.823,305.74,48.38
1277,561.75,193.19,40.81,75.7,3,3,1,48,3.7664,98.162,339.7,37.22
1278,527.08,185.94,55.66,124.83,2,2,1,47,3.6943,99.118,312.18,41.37
1279,523.46,185.56,0.33,212.66,3,4,1,46,3.6691,99.344,324.6,41.14
1280,514.44,188.88,32.86,6.06,4,1,1,48,3.7187,98.065,311.83,43.86
1281,522.4,178.97,1.72,229.62,3,0,1,49,3.6498,99.33,309.18,35.04
1282,517.26,185.21,37.9,95.4,1,4,1,48,3.2724,97.404,329.65,50.67
1283,532.75,169.93,114.09,26.37,2,3,1,49,3.5099,97.392,330.11,45.3
1284,537.22,191.14,155.48,45.8,2,2,1,48,3.4665,99.373,274.06,44.33
1285,505.85,174.07,35.0,39.74,1,0,1,45,3.3867,98.274,309.58,48.77
1286,496.04,195.52,27.58,90.82,4,2,1,47,3.7004,97.465,355.09,47.59
1287,486.95,182.69,130.53,6.37,2,2,1,46,3.4785,98.22,300.18,47.53
1288,529.14,183.52,50.38,20.71,2,0,1,49,3.2362,98.958,319.99,44.92
1289,500.14,180.61,3.02,201.0,2,2,1,45,3.365,99.067,337.44,45.52
1290,481.25,182.98,28.21,17.07,1,2,1,47,3.3372,99.16,285.62,49.22
1291,526.99,194.93,12.36,31.89,2,3,1,50,3.7325,98.424,301.79,47.66
1292,564.87,167.59,28.55,72.48,3,3,1,47,3.5885,99.167,275.42,53.64
1293,519.89,193.94,27.35,87.36,2,2,1,45,3.5362,98.275,312.3,45.7
1294,535.09,187.37,39.27,173.07,1,2,1,49,3.504,98.518,318.47,48.25
1295,521.47,176.55,19.86,71.16,0,2,1,47,3.5901,98.897,324.16,44.39
1296,518.22,177.47,8.08,187.2,3,3,1,45,3.6529,98.064,344.62,46.62
1297,536.54,196.73,31.53,115.59,3,3,1,50,3.5326,97.184,311.4,46.88
1298,514.78,178.38,79.79,14.4,3,2,1,47,3.763,97.875,284.64,42.78
1299,524.81,176.93,49.08,20.4,2,3,1,48,3.7861,98.56,290.62,41.77
1300,525.79,192.96,18.59,68.94,5,1,1,48,3.7972,97.481,293.23,48.21
1301,507.97,187.37,123.37,60.68,4,3,1,47,3.6016,97.371,314.57,47.27
1302,537.86,178.43,109.48,163.3,4,3,1,50,3.7596,97.733,361.7,52.34
1303,516.85,186.52,10.57,104.31,1,2,1,47,3.4427,97.08,308.42,45.02
1304,506.4,177.82,1.81,58.95,4,6,1,50,3.7158,98.859,340.23,40.03
1305,529.66,192.71,60.85,22.47,1,0,1,48,3.7455,97.647,307.49,45.06
1306,503.83,192.43,79.11,30.87,3,0,1,48,3.7425,97.311,284.45,48.85
1307,520.51,188.72,154.7,102.82,3,0,1,48,3.6985,98.748,292.04,34.39
1308,519.84,187.53,99.26,66.08,3,1,1,48,3.444,99.107,293.96,44.97
1309,539.55,197.33,41.29,86.81,1,1,1,46,3.2953,97.05,307.31,48.33
1310,528.54,185.0,33.98,22.46,4,1,1,45,3.4004,97.584,318.92,46.17
1311,519.55,176.73,1.27,130.49,6,1,1,46,3.6604,99.363,295.51,43.21
1312,534.72,188.15,12.75,229.7,4,5,1,48,3.3397,97.963,327.39,38.99
1313,545.02,199.6,27.7,35.8,0,4,1,46,3.487,99.346,333.04,44.94
1314,530.04,177.9,44.56,81.16,2,3,1,45,3.5392,97.686,304.21,38.88
1315,520.19,182.47,36.66,445.22,1,1,1,48,3.5623,97.545,330.2,48.37
1316,496.39,187.92,61.08,48.64,1,1,1,48,3.7614,97.535,267.27,45.31
1317,500.83,184.62,14.77,108.48,3,0,1,49,3.5969,97.213,258.12,52.47
1318,514.51,178.12,37.45,11.34,2,2,1,48,3.6718,99.241,328.32,35.23
1319,509.03,192.85,4.15,111.77,4,3,1,45,3.5491,99.45,300.72,43.3
1320,516.63,201.24,24.02,11.27,2,4,1,47,3.7001,99.386,358.48,48.67
1321,521.02,186.37,62.41,383.99,1,1,1,47,3.3582,99.13,307.96,50.71
1322,529.53,178.67,53.2,150.91,3,0,0,49,3.3259,99.117,287.99,48.87
1323,518.73,174.16,210.22,186.23,2,1,1,49,3.7558,98.653,347.11,40.23
1324,528.76,186.81,14.65,146.13,5,0,1,48,3.6161,99.066,324.43,42.59
1325,521.16,192.73,31.03,106.91,1,2,1,45,3.6029,97.521,344.07,33.82
1326,484.44,188.33,17.99,71.72,4,2,1,48,3.4804,97.97,297.1,45.23
1327,503.09,184.98,26.14,234.55,4,0,1,46,3.426,98.602,318.02,50.82
1328,517.41,180.88,87.51,377.13,0,0,1,49,3.5334,99.187,290.74,45.04
1329,498.23,177.35,51.87,82.95,2,0,1,47,3.2723,98.651,271.59,47.88
1330,530.8,190.84,96.34,321.77,4,0,1,47,3.4728,99.098,326.33,47.75
1331,547.55,191.4,10.24,105.06,0,1,1,46,3.4732,98.185,299.95,43.42
1332,541.94,174.18,92.99,92.76,1,4,1,50,3.523,98.793,288.09,32.84
1333,516.16,196.13,2.77,72.72,1,2,1,49,3.5808,99.45,279.46,51.7
1334,546.83,189.02,98.76,28.18,3,2,1,49,3.7744,97.384,314.02,47.16
1335,522.68,194.8,17.96,0.45,1,3,1,45,3.5913,99.317,311.41,38.75
1336,513.93,175.61,17.0,33.17,1,2,0,49,3.7302,98.306,299.36,46.85
1337,508.96,175.44,32.29,85.53,3,2,1,50,3.5338,98.608,295.17,46.0
1338,514.56,183.96,127.12,57.36,3,4,1,48,3.5762,99.195,326.85,51.56
1339,513.01,188.52,2.2,71.41,7,2,1,48,3.2419,98.024,255.39,47.36
1340,523.07,197.57,19.54,473.4,2,3,1,46,3.28,98.047,323.88,47.38
1341,522.89,189.94,87.39,51.74,2,0,1,45,3.5478,98.318,320.23,46.0
1342,520.05,183.3,22.69,72.22,2,4,1,48,3.4374,97.048,282.93,41.15
1343,527.86,177.82,9.99,17.2,3,1,1,45,3.6793,98.242,267.44,48.36
1344,541.43,193.61,24.89,5.9,9,2,1,47,3.5259,97.728,322.95,44.87
1345,537.09,178.25,21.92,179.22,3,3,1,49,3.7294,99.32,284.18,40.24
1346,493.27,196.4,111.15,101.47,2,4,1,45,3.7834,97.219,344.61,41.7
1347,474.03,183.01,64.58,171.61,2,1,1,47,3.2886,98.148,356.6,39.32
1348,536.82,196.13,31.65,19.48,1,2,1,48,3.4369,99.369,319.39,50.3
1349,495.4,189.75,200.44,101.79,2,0,1,47,3.599,99.253,307.77,54.89
1350,515.95,184.04,28.17,35.11,2,2,1,48,3.3833,98.753,305.18,50.78
1351,498.94,181.36,2.7,31.06,1,3,1,49,3.3602,98.473,272.47,46.88
1352,487.56,182.61,13.69,1.39,3,3,1,47,3.6882,97.702,303.71,44.67
1353,529.75,188.0,25.78,16.76,1,1,1,46,3.7882,97.917,299.91,43.55
1354,533.66,185.54,7.68,44.4,0,3,1,47,3.6643,97.225,296.0,40.07
1355,509.62,180.84,132.67,14.92,2,1,1,49,3.5142,98.965,318.62,54.73
1356,473.36,183.84,65.52,511.04,6,3,1,45,3.4655,97.81,312.89,39.83
1357,510.17,185.55,14.06,44.29,2,3,1,50,3.5238,98.669,327.3,40.75
1358,527.05,170.1,40.21,16.76,1,3,1,48,3.4777,97.894,300.24,44.02
1359,493.38,188.21,57.52,26.64,1,1,1,49,3.5017,98.161,323.26,44.44
1360,523.3,178.14,127.57,106.32,3,1,1,50,3.3221,98.388,310.17,48.01
1361,519.72,176.93,96.03,7.94,1,1,1,48,3.7422,99.005,323.12,41.63
1362,530.43,173.19,32.58,238.04,2,4,1,47,3.6527,97.528,308.29,35.06
1363,522.15,172.44,67.06,390.85,1,1,1,46,3.6086,97.997,349.12,43.84
1364,502.48,175.51,37.16,34.0,3,1,1,43,3.77,97.325,256.28,44.18
1365,541.54,180.04,36.2,71.76,2,0,1,46,3.3706,97.189,323.76,43.77
1366,517.15,198.67,5.48,2.69,4,1,1,48,3.2487,98.512,328.84,43.71
1367,519.51,181.32,6.07,122.84,3,4,1,47,3.6957,97.473,282.13,43.25
1368,503.2,186.24,33.93,64.12,2,1,1,46,3.7991,97.149,350.15,38.38
1369,512.02,187.8,14.09,37.77,4,2,1,48,3.5471,99.243,310.49,52.31
1370,504.07,185.92,0.96,27.81,2,1,1,46,3.2353,98.336,307.26,52.03
1371,516.89,184.46,57.74,127.37,3,0,1,48,3.6683,97.337,318.17,51.98
1372,550.81,176.63,1.49,64.59,4,1,1,48,3.2442,97.134,329.53,39.07
1373,495.31,195.16,40.7,23.76,4,1,1,48,3.524,97.3,312.91,47.02
1374,490.96,197.65,34.86,140.2,2,2,1,47,3.3665,98.178,312.21,42.89
1375,546.48,173.22,156.05,99.91,4,2,1,47,3.749,98.671,328.43,42.61
1376,516.23,177.83,29.79,234.8,1,1,1,48,3.4708,98.603,331.31,40.36
1377,507.96,183.04,2.96,15.0,3,1,1,47,3.7391,97.361,317.4,57.83
1378,538.72,178.25,36.1,184.83,7,2,1,45,3.3794,98.584,275.95,43.76
1379,509.1,188.54,82.78,134.33,1,2,1,44,3.4324,98.012,287.59,40.39
1380,552.87,179.9,259.21,14.66,1,2,1,49,3.7683,98.162,333.86,45.69
1381,532.2,200.16,25.32,142.42,2,3,1,49,3.3208,99.004,303.88,48.82
1382,511.22,193.33,17.37,69.91,0,2,1,47,3.5471,97.831,296.83,44.29
1383,558.83,186.49,106.71,348.02,4,3,1,48,3.4331,97.367,319.68,46.22
1384,509.1,192.19,9.55,18.32,3,4,1,50,3.6645,99.184,316.95,50.01
1385,533.36,192.74,43.0,123.55,3,2,1,48,3.2776,97.53,305.2,40.23
1386,525.39,181.05,23.42,57.75,1,1,1,46,3.4623,97.735,326.36,45.89
1387,543.43,179.29,1.89,377.07,1,3,1,46,3.6194,98.766,282.1,41.8
1388,548.11,185.55,19.2,48.05,1,0,1,48,3.4442,98.709,271.89,41.13
1389,520.58,191.03,13.87,393.01,8,2,1,48,3.2351,99.001,343.06,53.76
1390,506.44,185.97,52.14,278.11,0,2,1,47,3.6231,97.46,285.3,44.55
1391,528.28,173.96,133.73,37.83,3,1,1,49,3.5019,97.881,277.54,39.69
1392,507.8,179.38,14.04,195.28,2,1,1,48,3.2068,97.315,302.82,44.44
1393,556.24,184.48,75.08,651.25,6,0,1,50,3.5676,98.353,309.35,38.95
1394,522.46,184.47,2.56,34.95,4,3,1,48,3.7519,97.731,299.48,43.91
1395,513.42,198.81,34.76,68.89,2,3,1,48,3.2666,98.722,304.97,41.61
1396,523.32,175.3,3.29,88.12,1,3,1,47,3.5544,97.001,278.73,47.55
1397,495.75,188.54,122.34,41.94,2,1,1,47,3.6372,97.149,325.7,54.69
1398,502.51,195.42,65.43,1.85,2,1,1,48,3.2425,98.081,276.35,44.13
1399,541.61,200.9,48.28,29.84,1,1,1,50,3.2136,99.395,310.5,41.8
1400,508.18,182.17,78.15,39.74,1,6,1,49,3.4785,99.227,315.15,45.46
1401,501.16,188.44,46.92,70.35,2,3,1,47,3.6747,99.485,324.28,52.46
1402,529.66,188.99,156.24,22.52,4,1,1,50,3.2964,98.042,315.0,47.58
1403,541.34,186.37,56.32,247.87,1,4,1,49,3.702,97.116,286.06,44.29
1404,532.94,184.31,116.36,146.46,1,1,1,47,3.5939,97.765,300.95,34.67
1405,537.93,188.05,32.76,10.69,4,1,1,47,3.3993,98.689,294.51,44.74
1406,506.38,167.27,5.6,126.01,5,2,1,48,3.5095,97.338,275.39,48.88
1407,494.41,189.77,33.8,127.24,1,0,1,48,3.7793,97.75,319.58,49.79
1408,547.02,185.88,6.11,375.43,1,2,1,45,3.3299,97.14,293.35,51.55
1409,514.19,183.44,40.4,0.36,3,0,1,45,3.4997,98.187,313.27,41.63
1410,515.49,199.33,29.64,34.19,1,1,1,48,3.5747,97.522,307.56,42.98
1411,543.91,180.28,43.85,315.38,3,3,1,46,3.2828,97.228,285.01,44.4
1412,530.01,182.18,0.45,322.83,0,3,1,47,3.2261,98.028,283.54,48.55
1413,528.21,198.94,9.75,153.01,1,2,1,44,3.2081,97.878,302.63,43.68
1414,558.97,179.18,30.42,174.17,4,1,1,48,3.3948,98.344,281.1,47.62
1415,508.42,181.15,135.26,11.51,2,0,1,46,3.2444,98.873,331.75,43.08
1416,536.7,183.97,21.77,86.55,1,1,1,46,3.6823,97.281,339.59,41.47
1417,521.03,190.89,24.85,31.61,2,1,1,48,3.7984,98.978,327.23,50.55
1418,524.83,186.45,56.44,23.99,1,2,1,46,3.2368,97.066,317.68,46.56
1419,547.51,175.95,41.66,199.48,0,3,1,49,3.4596,98.108,311.35,48.73
1420,529.14,181.27,15.98,17.41,2,2,1,49,3.2154,98.469,286.95,43.97
1421,529.69,180.75,23.81,75.88,4,3,1,48,3.2804,99.392,328.21,49.02
1422,539.31,184.46,11.05,334.8,7,1,1,45,3.3938,98.435,340.16,39.69
1423,513.43,187.98,152.19,24.67,5,0,1,48,3.4362,97.397,302.53,40.48
1424,504.89,187.93,6.3,457.97,2,0,1,47,3.7639,98.294,309.2,49.71
1425,501.19,172.57,20.92,619.82,2,1,1,47,3.4375,97.989,292.23,44.65
1426,484.61,192.45,1.18,97.33,2,1,1,49,3.4978,98.198,302.71,43.77
1427,557.01,186.77,11.28,22.38,2,1,1,48,3.3474,97.493,282.33,40.4
1428,500.14,194.69,68.23,45.59,3,5,1,47,3.2001,98.252,303.64,49.02
1429,516.02,188.11,10.11,66.3,3,1,1,44,3.7396,97.375,319.52,54.33
1430,515.02,192.71,3.76,44.41,5,1,1,49,3.249,98.86,317.15,48.04
1431,525.53,188.27,28.95,39.53,7,0,0,48,3.7785,98.485,315.52,42.75
1432,534.68,194.42,0.45,430.05,2,3,1,49,3.2785,97.196,256.29,51.93
1433,535.49,188.66,3.99,19.98,3,2,1,49,3.5629,99.224,311.06,46.8
1434,509.5,184.31,74.17,158.61,3,2,1,48,3.7996,98.541,323.49,42.84
1435,516.99,200.91,66.42,0.05,2,2,1,47,3.2831,97.79,309.81,51.38
1436,525.09,191.22,111.0,108.82,0,3,1,49,3.4544,97.114,334.98,44.1
1437,515.52,189.02,86.75,297.15,1,1,1,49,3.6683,98.581,307.81,37.79
1438,548.93,176.07,51.72,40.75,3,1,0,46,3.2193,97.934,318.74,43.41
1439,528.84,175.98,2.42,24.63,3,1,1,44,3.6139,99.269,287.94,47.66
1440,533.23,187.05,68.72,126.56,2,3,1,48,3.2482,97.087,322.9,41.41
1441,531.93,186.02,84.04,149.63,3,3,1,47,3.3419,97.098,327.31,35.64
1442,541.12,180.7,72.22,139.78,2,3,1,49,3.296,99.373,294.3,52.35
1443,523.26,185.99,31.96,46.16,4,1,1,45,3.7444,99.412,278.55,59.97
1444,496.66,196.12,11.93,34.87,4,3,1,47,3.3083,97.069,300.08,42.62
1445,527.19,189.87,83.99,374.61,1,3,1,46,3.2243,98.79,288.04,41.85
1446,508.28,177.01,58.45,308.14,3,0,1,50,3.5526,97.554,323.18,38.26
1447,510.48,184.22,177.79,73.35,5,3,1,47,3.4077,98.753,299.24,40.89
1448,530.55,179.37,7.62,224.65,1,4,0,48,3.4434,99.172,325.8,37.36
1449,542.29,182.29,11.51,72.25,1,1,1,48,3.2714,97.252,275.6,38.48
1450,520.38,182.1,10.71,66.28,2,3,1,49,3.6489,97.597,291.78,45.01
1451,525.56,181.66,70.78,20.46,2,2,1,47,3.5609,97.06,293.2,37.1
1452,550.64,176.21,9.31,66.7,1,1,1,47,3.4185,97.11,316.06,37.66
1453,524.33,184.11,3.1,92.51,6,5,1,50,3.3029,97.074,264.32,46.04
1454,566.83,181.08,294.47,2.73,1,1,1,47,3.5561,99.002,303.96,41.91
1455,530.18,164.49,1.13,70.46,3,0,1,49,3.6672,97.746,301.98,46.78
1456,488.31,199.37,81.15,182.44,3,2,1,49,3.3874,98.233,317.95,43.29
1457,533.56,192.62,20.46,136.75,2,1,1,47,3.2155,98.97,311.11,44.07
1458,526.86,182.37,82.92,120.99,2,4,1,48,3.3286,98.237,289.0,48.9
1459,543.22,185.13,36.4,288.36,0,1,1,48,3.6094,98.073,260.31,42.26
1460,532.12,176.8,104.36,2.18,3,1,1,48,3.7935,97.029,293.05,48.55
1461,517.51,196.87,117.28,97.72,6,2,1,47,3.208,98.42,282.13,42.9
1462,497.96,198.28,0.41,185.77,2,1,1,48,3.3837,97.312,283.41,40.9
1463,516.24,186.1,3.53,93.53,0,3,1,44,3.2372,98.912,293.83,39.63
1464,504.69,192.16,12.97,46.97,4,5,1,48,3.3898,97.644,327.99,36.72
1465,509.55,186.23,49.8,17.58,0,0,1,47,3.4435,98.685,282.08,38.8
1466,530.59,175.64,98.63,262.24,1,3,1,49,3.7525,98.616,269.19,36.13
1467,550.06,182.12,27.72,76.36,4,2,1,48,3.2483,98.542,297.25,40.03
1468,527.1,185.92,42.02,252.56,3,0,1,47,3.6663,97.667,303.88,49.11
1469,498.47,181.82,9.4,105.78,0,2,1,48,3.4373,97.668,302.4,44.96
1470,528.0,183.47,73.56,134.57,1,1,0,48,3.6868,99.158,295.49,43.06
1471,541.54,184.36,153.96,195.72,6,2,1,49,3.508,97.032,304.62,41.54
1472,509.02,184.43,14.08,129.16,2,2,1,50,3.2236,97.454,314.74,44.59
1473,517.59,185.37,30.73,60.91,4,0,1,49,3.7677,98.525,290.82,45.15
1474,520.26,177.58,4.05,86.5,0,2,1,47,3.2496,99.043,332.05,39.42
1475,505.87,179.98,36.86,194.97,3,3,1,46,3.5586,97.896,305.97,47.32
1476,531.67,176.01,31.44,56.14,5,2,1,48,3.7266,98.634,331.55,43.37
1477,517.82,191.84,7.02,58.95,2,0,1,48,3.2479,98.393,315.8,46.48
1478,527.55,170.26,26.26,12.07,5,3,1,50,3.5323,97.161,282.27,44.84
1479,504.03,193.08,18.3,295.23,1,3,1,49,3.6946,98.554,266.99,37.91
1480,512.13,194.7,33.2,11.45,3,2,1,46,3.7918,99.035,333.43,51.5
1481,533.0,182.88,39.65,125.37,1,3,1,47,3.6346,99.481,289.93,44.94
1482,513.29,166.78,0.38,63.97,1,1,1,49,3.367,97.074,307.86,43.16
1483,551.09,182.47,64.41,62.43,2,3,1,49,3.6197,98.65,296.74,47.91
1484,512.81,184.55,56.17,136.56,5,2,1,46,3.6235,98.036,339.53,39.21
1485,524.04,177.93,20.53,8.33,1,1,1,49,3.62,97.024,308.36,37.13
1486,536.79,181.39,2.45,108.08,4,5,1,48,3.7126,98.536,279.63,47.78
1487,494.47,195.71,63.28,177.43,1,2,1,47,3.2524,97.306,304.2,50.73
1488,488.31,189.65,139.72,211.38,3,2,1,47,3.2651,97.946,334.74,46.43
1489,492.54,178.53,12.36,22.44,2,3,1,48,3.5844,97.653,290.86,49.03
1490,542.73,173.82,17.59,273.25,1,1,1,45,3.7723,97.903,275.64,38.67
1491,510.07,182.71,9.14,128.1,2,2,0,49,3.4795,98.232,326.06,43.2
1492,566.05,183.51,38.71,256.3,1,2,1,47,3.7763,97.898,288.46,41.71
1493,509.84,188.47,7.57,79.7,1,3,1,49,3.7629,98.382,272.6,50.14
1494,523.32,181.25,19.82,93.72,2,1,0,47,3.7417,97.597,289.2,47.47
1495,547.76,188.58,53.73,301.65,3,2,1,46,3.7459,98.588,314.89,50.16
1496,556.11,198.55,36.96,276.2,0,3,1,48,3.739,99.134,318.51,41.91
1497,557.11,190.71,21.98,71.34,1,1,1,47,3.6919,97.56,317.57,39.34
1498,541.75,184.66,24.53,38.49,1,2,1,46,3.617,98.27,286.27,51.65
1499,538.43,183.72,37.16,59.94,5,1,1,49,3.2146,98.622,328.63,45.13
1500,530.67,182.5,0.26,58.88,1,3,1,47,3.2794,98.412,325.04,50.32
1501,534.01,193.26,3.68,40.57,1,3,1,45,3.2805,97.914,319.52,44.68
1502,510.08,180.61,95.89,37.53,1,3,1,47,3.2141,98.605,285.7,56.02
1503,505.27,185.32,3.65,236.85,4,1,1,49,3.27,97.071,295.68,50.89
1504,519.94,185.36,55.21,8.69,2,3,1,49,3.7518,97.925,316.19,44.2
1505,516.94,181.49,113.68,135.84,3,2,1,49,3.5983,98.332,322.01,45.1
1506,511.84,175.39,14.2,22.77,1,2,1,49,3.3872,97.052,287.0,45.12
1507,532.53,187.26,20.83,50.68,1,4,1,48,3.676,98.269,347.79,39.32
1508,537.2,184.57,37.87,7.62,1,1,1,50,3.493,98.636,306.27,42.59
1509,521.59,188.5,96.06,37.76,2,0,1,49,3.2853,98.898,330.18,42.21
1510,546.6,181.26,128.06,175.54,6,0,1,48,3.7307,97.283,281.99,46.16
1511,499.45,193.55,60.54,259.55,2,3,1,48,3.4032,99.476,313.86,40.92
1512,516.51,178.86,4.08,30.05,8,2,1,47,3.6193,98.515,281.48,44.25
1513,507.1,196.98,49.77,74.73,5,1,1,47,3.3744,97.908,312.66,43.17
1514,486.4,172.77,23.77,76.26,3,0,1,50,3.5,97.623,319.51,45.38
1515,518.51,188.04,28.63,248.17,5,1,1,49,3.6898,98.432,320.73,52.34
1516,517.81,188.33,2.27,172.66,0,2,1,50,3.2941,99.204,293.11,50.48
1517,547.24,179.43,9.54,86.36,1,1,1,48,3.7864,98.301,269.32,38.45
1518,531.35,187.97,70.34,133.31,4,0,1,50,3.2421,98.654,316.43,44.74
1519,501.56,193.96,27.23,225.56,1,6,1,47,3.5204,97.894,300.57,43.49
1520,553.37,169.48,16.16,1.15,0,1,1,49,3.7496,97.97,300.56,41.77
1521,541.98,188.52,21.8,61.88,1,2,1,45,3.7674,97.715,289.05,55.77
1522,530.48,167.55,86.71,285.33,2,1,0,48,3.3393,98.764,308.16,42.37
1523,515.92,178.24,62.2,161.79,0,1,1,48,3.2864,97.898,309.24,42.71
1524,502.73,196.4,14.3,93.93,5,1,1,46,3.6346,97.477,332.55,53.77
1525,513.3,180.93,5.62,90.51,3,2,1,47,3.2252,97.924,264.98,49.85
1526,539.6,176.78,13.07,51.28,4,0,1,47,3.4911,99.135,280.24,42.78
1527,553.92,183.61,114.09,88.21,1,1,1,45,3.6778,98.846,319.46,48.8
1528,547.78,199.48,39.21,127.84,3,1,1,48,3.5362,97.837,260.9,43.8
1529,511.2,172.18,34.31,65.03,1,3,1,46,3.3128,99.267,293.44,44.14
1530,499.85,177.64,40.83,150.28,2,1,1,48,3.4922,97.187,361.58,40.97
1531,522.54,195.48,20.51,236.99,5,1,1,46,3.7528,97.124,303.23,32.83
1532,488.17,198.0,74.05,20.17,2,3,1,49,3.5703,97.319,324.73,37.88
1533,525.82,184.28,33.34,72.08,2,3,1,48,3.6329,97.291,272.34,39.48
1534,517.34,176.33,5.59,62.91,5,1,1,47,3.4018,97.22,324.74,47.1
1535,511.61,199.67,6.22,139.56,1,0,1,49,3.3131,98.653,301.04,45.77
1536,491.3,196.16,34.64,34.5,3,4,1,49,3.3534,98.502,315.71,50.43
1537,529.24,189.75,124.1,122.68,2,2,1,48,3.5199,98.619,321.59,38.98
1538,510.41,179.31,16.59,251.95,3,1,1,47,3.3681,98.721,298.02,53.93
1539,498.94,184.66,91.65,64.98,4,2,1,46,3.5252,98.892,320.05,53.47
1540,468.3,183.88,64.99,290.32,3,1,1,47,3.6247,97.518,284.68,45.18
1541,519.5,187.32,12.81,598.26,5,1,1,46,3.6406,98.556,310.52,41.57
1542,551.9,195.16,1.67,13.46,1,1,1,47,3.2988,98.45,320.78,41.83
1543,549.9,191.16,4.83,31.84,1,3,1,50,3.6503,99.359,297.47,45.99
1544,511.77,177.46,58.67,360.4,1,3,1,49,3.6036,97.581,288.16,54.41
1545,509.16,194.64,10.02,381.35,1,2,1,47,3.2072,97.147,299.3,44.53
1546,528.44,187.19,20.88,12.34,2,2,1,48,3.2353,98.634,333.32,37.09
1547,502.03,189.81,31.34,1.81,3,4,0,49,3.5877,98.85,329.95,54.48
1548,525.43,195.27,58.17,21.08,4,2,1,48,3.4302,97.708,326.08,43.0
1549,533.79,177.22,5.41,662.96,3,2,1,47,3.2877,98.427,343.17,52.27
1550,542.08,184.75,23.47,23.81,1,1,1,48,3.2266,97.149,310.14,48.13
1551,518.2,181.28,29.87,83.79,6,2,0,46,3.2956,99.4,313.87,44.26
1552,516.33,174.02,35.02,226.4,1,1,1,47,3.7745,97.275,266.15,49.83
1553,504.2,187.43,76.76,2.47,1,3,1,47,3.6365,97.169,289.98,41.33
1554,505.12,202.58,8.48,111.31,4,4,1,44,3.5166,97.11,321.25,43.55
1555,515.92,172.12,74.22,38.93,4,3,1,48,3.7649,98.068,329.1,42.35
1556,526.61,184.77,53.12,237.95,3,1,1,47,3.5715,97.243,281.56,44.0
1557,536.44,189.48,36.52,40.0,2,0,1,46,3.6354,98.862,307.95,47.74
1558,505.54,185.86,54.11,139.29,2,0,1,47,3.3696,99.247,357.51,47.7
1559,546.87,184.21,23.9,134.58,3,0,0,46,3.5534,97.651,308.07,37.22
1560,515.12,175.91,6.7,30.05,2,3,1,48,3.2861,98.572,341.79,42.32
1561,519.62,186.63,49.32,4.25,2,2,1,47,3.4427,97.106,317.64,43.19
1562,506.55,179.7,33.47,63.16,4,2,1,50,3.2199,97.966,322.35,47.93
1563,476.36,169.67,45.9,40.96,2,0,1,44,3.33,97.732,289.99,38.0
1564,535.91,193.36,18.56,198.64,2,5,1,46,3.2449,97.572,274.6,48.53
1565,533.26,191.71,106.82,193.35,2,2,1,46,3.4327,98.612,325.89,39.37
1566,514.94,185.36,39.83,73.28,1,1,1,47,3.7058,97.326,316.76,46.24
1567,521.21,186.6,4.02,111.92,3,2,1,49,3.4268,99.152,311.33,50.57
1568,529.29,192.52,26.89,111.24,4,3,1,50,3.699,98.662,280.8,38.87
1569,491.87,186.57,63.54,210.65,4,3,1,46,3.5939,98.777,302.15,46.21
1570,510.48,191.33,71.12,66.41,2,1,1,48,3.5057,99.338,296.43,44.07
1571,534.3,182.92,30.71,38.66,2,4,1,49,3.3421,99.356,298.59,40.11
1572,497.42,194.18,101.31,36.95,3,4,1,47,3.7533,98.379,315.03,38.88
1573,525.28,187.25,14.02,92.19,3,0,1,48,3.2325,98.238,325.54,41.46
1574,495.58,186.36,23.79,71.55,8,3,1,47,3.6133,97.838,316.29,40.95
1575,528.4,176.11,102.99,69.6,2,3,0,48,3.5727,98.789,314.28,43.97
1576,519.36,187.01,101.96,11.47,1,2,1,47,3.4646,98.346,312.5,42.87
1577,490.93,179.18,52.09,152.16,6,3,1,46,3.3442,99.332,306.15,47.12
1578,540.97,180.53,88.15,28.86,5,2,1,49,3.4584,97.597,291.73,49.04
1579,506.78,179.29,4.18,26.32,4,8,1,48,3.7237,97.776,311.03,37.35
1580,505.42,177.54,90.11,63.88,3,2,1,48,3.7021,97.79,326.44,43.75
1581,523.61,199.87,17.4,31.02,2,1,1,45,3.7648,99.015,307.46,40.25
1582,540.68,194.32,8.84,105.21,3,1,1,48,3.3847,97.248,289.75,39.57
1583,501.72,198.44,12.31,55.72,2,0,1,48,3.4323,98.139,283.7,37.16
1584,521.11,176.44,24.36,71.5,2,0,1,47,3.2112,98.069,289.02,36.79
1585,527.72,185.5,13.02,92.45,6,1,1,48,3.7658,97.183,284.84,42.4
1586,532.48,175.95,17.39,27.31,4,0,1,45,3.3976,98.027,373.61,46.96
1587,523.18,180.13,6.53,20.32,3,1,1,46,3.4425,98.283,290.69,46.95
1588,513.39,178.57,15.81,254.85,5,3,1,48,3.7447,97.163,309.15,39.74
1589,505.1,193.68,38.22,68.24,3,1,1,47,3.516,98.275,308.09,39.23
1590,521.55,182.23,26.24,63.74,1,1,1,50,3.5397,99.398,341.09,46.2
1591,500.7,192.48,19.16,4.35,3,1,1,47,3.3057,99.447,319.45,42.84
1592,467.42,189.23,61.75,82.69,2,1,1,47,3.4992,98.329,319.34,49.45
1593,527.86,201.13,100.79,96.94,1,1,1,48,3.7509,98.288,313.84,39.45
1594,536.27,174.64,63.62,98.2,2,4,1,49,3.5352,97.714,316.05,35.71
1595,477.47,193.81,18.16,147.32,2,2,1,45,3.3531,99.493,317.09,48.06
1596,501.82,193.03,61.39,23.45,1,2,1,48,3.2187,97.686,296.2,35.55
1597,531.14,178.19,7.42,34.88,2,1,1,47,3.4018,98.132,289.82,37.77
1598,557.03,192.05,6.28,199.75,4,1,1,50,3.5436,97.007,311.29,41.65
1599,520.37,187.35,19.08,352.88,3,1,1,48,3.2256,97.873,298.19,43.58
1600,506.9,183.41,74.19,17.53,1,1,1,46,3.5659,97.179,314.06,48.01
1601,516.71,179.23,12.73,82.61,3,2,1,48,3.514,98.86,286.26,39.93
1602,544.75,179.97,2.94,28.92,4,2,1,47,3.6701,98.403,277.58,51.59
1603,508.37,199.35,6.36,7.43,2,2,1,49,3.2173,98.43,281.85,37.42
1604,505.61,185.0,88.07,47.25,1,5,1,48,3.6685,97.716,308.37,43.14
1605,511.31,190.47,45.2,18.61,3,4,1,45,3.5125,99.037,274.46,49.15
1606,502.84,179.46,13.14,148.52,3,5,1,47,3.4223,97.008,352.89,49.42
1607,522.21,179.54,36.47,91.56,1,3,1,45,3.7792,97.834,352.95,30.22
1608,549.24,192.57,33.74,18.63,2,2,1,45,3.2961,98.649,329.48,58.54
1609,525.82,175.55,47.95,1.11,6,1,1,45,3.5248,99.27,301.87,43.39
1610,515.46,182.09,11.95,198.13,2,2,1,46,3.3926,97.587,299.36,46.39
1611,514.75,185.24,89.91,23.26,0,3,1,50,3.5165,98.353,316.52,43.33
1612,491.86,185.78,16.66,111.83,0,0,1,45,3.5314,98.345,323.13,55.68
1613,535.9,183.75,53.31,49.3,6,2,1,49,3.2537,99.185,316.52,51.45
1614,518.6,187.77,0.73,105.68,1,4,1,50,3.5967,97.126,281.17,55.54
1615,516.75,189.85,20.98,45.51,2,1,1,50,3.5807,98.061,305.82,47.37
1616,577.48,190.14,19.5,10.91,2,2,1,48,3.6617,97.456,321.73,49.56
1617,525.38,178.1,35.29,30.27,4,1,1,47,3.2544,97.054,258.05,39.78
1618,506.47,183.01,3.4,25.0,2,6,1,48,3.3784,97.368,285.68,43.68
1619,512.33,193.36,70.26,67.04,2,1,1,50,3.5901,99.441,321.57,49.56
1620,540.67,191.26,11.05,128.85,3,3,1,48,3.282,97.537,303.13,46.59
1621,522.04,175.39,50.86,36.75,2,2,1,48,3.6066,99.338,303.16,45.53
1622,494.11,187.46,73.15,1.46,6,4,1,47,3.2354,97.513,334.39,41.12
1623,536.55,171.15,37.14,87.81,0,0,1,48,3.401,99.328,308.82,50.83
1624,507.97,185.33,60.77,111.7,6,2,1,49,3.708,98.637,299.58,50.76
1625,553.72,198.28,48.79,395.2,3,3,1,49,3.6646,97.283,303.21,50.21
1626,539.44,178.36,19.77,106.84,4,0,1,48,3.5869,98.455,303.94,46.46
1627,511.95,179.16,74.46,76.45,2,0,1,47,3.7223,97.796,291.64,45.05
1628,543.06,190.35,15.71,102.23,1,0,0,48,3.6256,97.958,305.1,50.62
1629,521.22,174.2,38.11,315.57,4,1,1,48,3.5116,98.1,284.92,49.68
1630,535.35,180.57,61.56,211.5,0,3,0,48,3.7878,98.057,302.67,40.54
1631,528.73,189.18,21.44,46.81,5,3,1,48,3.6169,98.66,298.65,46.58
1632,504.77,180.56,16.23,32.5,2,1,1,44,3.5608,98.921,315.09,48.29
1633,508.42,183.35,27.67,36.56,3,1,1,49,3.4453,97.823,343.32,41.63
1634,538.54,190.21,76.66,84.24,0,2,1,46,3.7414,99.311,315.71,49.52
1635,513.97,187.95,119.62,163.53,2,1,1,47,3.3774,99.346,312.27,48.59
1636,512.73,186.87,35.44,83.95,2,2,1,50,3.2055,97.102,315.14,42.92
1637,502.81,182.63,48.74,8.42,1,4,1,43,3.318,97.037,291.02,38.22
1638,527.62,187.59,105.11,154.3,5,3,1,47,3.2657,98.063,325.44,47.93
1639,557.13,184.13,4.67,196.77,3,1,1,47,3.3914,98.477,318.94,54.82
1640,500.78,188.2,11.88,41.01,2,1,1,48,3.6955,97.695,309.01,46.28
1641,520.44,181.52,55.53,130.92,1,3,0,47,3.5909,97.649,317.81,48.21
1642,545.42,183.72,78.11,66.74,4,1,1,49,3.3014,98.696,317.21,39.17
1643,518.57,178.07,87.53,263.92,6,1,1,50,3.6733,98.504,317.25,44.76
1644,528.14,184.75,24.13,223.89,4,2,1,46,3.5025,97.418,331.87,44.44
1645,500.88,179.32,4.21,89.44,3,1,1,45,3.5076,99.211,293.32,40.57
1646,527.71,177.2,25.91,141.13,2,1,1,49,3.4173,98.7,338.85,47.2
1647,516.63,186.81,11.8,257.83,2,3,1,46,3.7188,97.906,274.74,47.01
1648,537.74,186.49,15.49,82.15,1,2,1,47,3.391,98.709,324.56,43.53
1649,541.37,190.48,66.58,45.09,4,5,1,49,3.2565,97.282,313.69,44.94
1650,566.61,181.98,3.53,168.13,0,1,1,48,3.3816,98.171,288.82,55.26
1651,530.43,187.86,79.1,29.83,2,2,1,48,3.6292,97.422,332.64,41.9
1652,525.86,188.86,25.11,59.03,3,0,1,47,3.5945,97.104,270.1,39.34
1653,523.5,188.11,40.79,240.95,3,6,1,46,3.3128,97.846,345.75,39.22
1654,513.64,179.22,4.23,154.67,4,1,1,49,3.2671,97.377,359.65,46.25
1655,526.09,186.05,18.52,62.06,1,1,1,47,3.5965,98.584,306.41,32.28
1656,514.68,187.55,4.23,29.01,0,0,1,46,3.6058,98.685,287.39,42.45
1657,523.03,185.05,146.62,52.8,2,4,1,46,3.4197,97.372,297.29,40.16
1658,543.72,170.39,74.09,40.11,1,3,1,49,3.7057,97.062,331.45,44.71
1659,501.88,186.12,27.7,23.24,1,2,1,48,3.7869,98.982,302.91,44.73
1660,540.52,200.49,11.39,163.2,3,0,1,46,3.3234,97.005,245.42,46.72
1661,543.71,182.48,121.94,34.85,1,5,1,48,3.5462,97.86,318.44,48.08
1662,517.87,179.9,19.01,72.65,0,0,1,48,3.2032,98.236,329.66,50.71
1663,481.81,187.61,7.9,58.5,3,1,1,46,3.6278,99.047,321.31,43.23
1664,509.06,187.19,37.27,482.6,1,2,1,49,3.4486,99.096,324.81,41.67
1665,543.35,193.35,129.53,59.53,4,2,1,46,3.316,98.812,345.3,49.26
1666,519.59,176.19,0.17,10.0,4,4,1,48,3.6513,97.618,305.35,36.71
1667,502.01,190.12,12.24,11.29,2,2,1,50,3.6864,98.8,347.8,48.79
1668,510.91,189.13,125.45,107.21,1,3,1,49,3.2667,97.616,306.6,45.72
1669,535.13,184.0,8.44,109.76,3,2,1,49,3.2246,97.537,334.79,47.25
1670,529.84,187.37,5.41,65.11,6,1,1,49,3.4004,98.368,306.87,46.82
1671,515.7,192.21,38.0,67.84,1,1,1,47,3.5756,98.697,354.84,45.68
1672,513.4,191.11,89.07,6.65,2,1,1,49,3.6761,97.133,324.25,45.89
1673,512.95,177.0,29.18,87.22,2,5,1,45,3.5276,97.15,307.88,39.45
1674,503.4,190.74,234.66,84.32,2,1,1,48,3.5484,98.96,283.61,41.74
1675,549.08,184.55,51.16,19.44,5,3,1,48,3.6799,99.149,314.54,53.89
1676,514.2,185.51,3.46,13.16,4,3,1,48,3.5173,98.511,291.98,48.36
1677,541.91,185.51,222.22,15.83,3,1,1,47,3.5667,98.072,319.7,50.3
1678,547.38,183.95,23.58,12.78,4,2,1,48,3.5097,99.113,324.5,43.27
1679,537.97,193.34,15.25,112.9,1,3,1,49,3.7283,98.822,332.89,45.4
1680,512.23,184.41,36.73,26.25,2,0,1,46,3.3413,98.449,321.83,47.63
1681,527.27,177.16,16.33,34.75,3,0,1,48,3.3584,97.799,311.76,51.03
1682,519.56,182.25,4.07,22.88,5,2,0,50,3.2768,97.495,339.14,44.24
1683,503.73,186.25,0.06,379.94,4,2,1,48,3.6917,98.047,341.69,47.39
1684,525.84,193.6,26.87,231.41,3,0,1,47,3.4471,97.717,286.84,48.55
1685,498.78,189.22,81.59,31.44,0,1,1,49,3.4087,97.848,348.77,49.67
1686,541.38,179.05,38.22,47.62,3,0,1,46,3.7888,98.289,337.04,43.99
1687,511.64,202.4,321.3,28.27,1,5,1,47,3.7561,97.423,291.23,51.41
1688,523.62,186.85,15.21,81.24,1,2,1,47,3.7832,99.015,268.66,37.89
1689,525.1,193.93,14.81,2.38,2,1,1,48,3.2854,97.364,336.5,39.35
1690,515.34,183.94,7.83,133.54,1,7,1,45,3.7348,98.202,314.54,47.4
1691,530.56,188.73,8.06,88.87,2,1,1,49,3.3972,98.865,299.98,47.27
1692,511.45,190.88,15.11,274.69,4,1,1,47,3.2076,98.213,316.91,43.83
1693,535.68,193.53,70.84,21.55,3,3,1,48,3.4348,97.903,336.1,42.79
1694,495.77,192.4,106.28,195.62,1,3,0,47,3.5055,98.187,265.31,42.86
1695,522.27,191.11,166.16,188.4,4,3,1,50,3.2649,99.122,312.78,40.5
1696,554.9,182.79,11.9,16.32,2,1,1,50,3.5226,99.476,311.26,44.78
1697,501.99,181.0,95.9,61.01,4,0,1,46,3.6917,98.578,342.92,37.22
1698,507.8,187.33,17.9,22.38,3,2,1,48,3.4266,98.984,328.23,50.66
1699,529.25,191.53,5.39,35.28,2,2,1,48,3.4116,97.036,328.02,46.91
1700,523.23,183.44,91.82,36.66,2,2,1,47,3.4033,99.201,300.24,51.47
1701,526.31,192.46,45.49,97.5,4,3,1,47,3.7539,99.385,324.73,45.81
1702,528.81,195.17,8.1,63.6,3,1,1,49,3.2293,98.438,299.33,44.81
1703,531.42,178.59,25.28,354.17,2,1,1,49,3.467,98.885,307.61,45.63
1704,539.97,179.14,15.24,16.21,0,1,1,45,3.3588,98.282,322.63,41.5
1705,527.38,184.02,60.07,436.55,1,2,1,47,3.7363,97.716,311.88,38.78
1706,515.66,187.15,27.18,31.46,1,2,1,48,3.2576,99.131,316.96,40.08
1707,532.11,181.33,204.1,177.87,1,1,1,46,3.4469,98.492,338.89,42.87
1708,554.2,194.47,2.53,49.67,3,1,1,48,3.4441,98.448,301.97,40.58
1709,517.61,187.97,19.73,18.53,2,1,1,49,3.733,98.648,287.17,51.74
1710,502.46,185.28,29.59,234.14,2,0,1,49,3.3293,99.14,290.05,41.47
1711,539.93,174.95,31.47,44.33,1,0,1,48,3.5869,98.83,285.26,46.97
1712,517.83,175.79,17.09,129.05,3,3,1,46,3.2806,97.528,345.36,47.92
1713,480.89,186.97,58.79,100.29,1,1,1,50,3.7724,98.167,324.39,51.19
1714,535.25,170.07,93.48,76.58,1,2,1,49,3.5558,99.451,333.55,48.41
1715,510.36,192.09,125.65,82.18,1,3,1,46,3.5758,98.386,329.61,44.13
1716,518.37,183.89,73.59,158.12,1,2,1,49,3.4603,99.346,305.64,53.53
1717,525.98,207.7,85.54,11.02,3,2,1,47,3.4054,99.033,345.86,38.78
1718,523.43,201.16,35.99,132.38,3,3,1,49,3.3276,98.665,294.8,40.3
1719,532.77,183.73,78.66,271.39,0,0,0,47,3.5624,97.873,354.27,46.1
1720,512.16,184.26,16.28,7.14,1,1,1,48,3.7727,97.761,312.72,45.43
1721,529.24,191.97,22.87,18.19,3,1,1,49,3.4159,98.609,349.35,49.09
1722,515.33,196.92,17.15,151.32,0,2,1,47,3.7299,98.081,286.92,45.8
1723,533.3,173.53,28.35,69.0,2,5,1,47,3.2893,98.997,300.51,46.85
1724,531.08,172.5,15.13,62.01,3,2,1,47,3.7617,98.901,274.74,49.98
1725,503.16,180.65,146.7,17.68,4,1,0,47,3.4103,97.78,332.93,45.7
1726,539.55,189.08,16.88,84.81,2,2,1,48,3.4278,98.757,315.57,48.4
1727,510.35,188.48,4.64,16.24,2,4,1,48,3.4777,98.236,354.37,41.22
1728,534.55,192.49,33.67,77.69,2,2,1,47,3.6309,97.808,299.35,41.55
1729,526.61,176.6,2.65,173.08,2,2,1,47,3.6318,98.032,339.42,49.41
1730,553.09,168.79,5.27,35.85,2,2,1,47,3.4878,99.238,311.76,45.61
1731,515.98,191.01,11.15,78.65,2,1,1,47,3.5139,97.899,307.94,45.85
1732,513.71,179.2,28.09,579.64,1,1,1,49,3.218,97.718,303.63,41.53
1733,519.65,170.87,25.55,139.25,8,0,1,49,3.3826,97.88,291.41,42.96
1734,514.54,186.02,72.36,220.93,2,1,1,49,3.4076,97.537,318.23,46.43
1735,534.4,190.55,60.53,64.31,4,1,0,45,3.5352,98.362,314.65,43.49
1736,490.91,184.15,25.01,175.25,2,0,0,47,3.535,97.369,275.4,40.69
1737,501.03,181.8,18.27,4.96,2,3,1,47,3.6259,99.044,254.75,40.75
1738,500.78,183.88,17.12,15.74,2,2,1,49,3.6302,97.564,303.11,41.81
1739,537.11,182.41,66.92,27.24,1,5,1,49,3.3411,98.495,335.56,43.31
1740,550.79,175.56,2.41,61.69,3,1,1,45,3.6621,97.313,314.89,43.62
1741,518.12,180.0,0.58,224.3,1,1,1,46,3.2118,99.446,281.34,52.84
1742,516.96,188.65,71.43,51.01,3,1,1,49,3.6297,98.136,270.98,49.62
1743,521.26,187.25,29.18,127.57,2,3,1,46,3.2612,99.055,335.41,46.48
1744,540.91,186.18,6.31,148.26,1,2,1,48,3.6378,98.922,273.63,54.31
1745,503.31,178.03,12.09,105.88,2,0,1,48,3.5163,98.784,326.71,44.42
1746,524.29,183.73,121.31,53.04,3,2,1,47,3.4624,99.068,322.52,47.38
1747,537.55,169.76,88.32,103.26,2,2,1,47,3.6144,97.251,345.96,46.64
1748,529.02,186.25,55.67,50.27,1,1,0,46,3.2218,98.696,296.16,47.36
1749,523.41,195.0,29.62,10.51,2,0,1,50,3.3341,97.665,330.66,41.26
1750,538.02,174.68,33.06,592.11,3,0,1,48,3.5699,98.965,340.8,43.48
1751,471.34,180.9,166.44,16.32,2,2,1,48,3.7083,99.392,280.58,40.94
1752,532.2,187.3,151.86,9.01,4,2,1,48,3.4287,99.254,312.93,47.04
1753,508.23,193.77,10.91,252.97,1,4,1,48,3.3553,97.287,309.11,45.02
1754,487.05,181.86,75.0,43.12,2,2,0,48,3.5112,97.924,286.6,35.59
1755,529.2,180.15,9.89,126.08,3,1,1,48,3.5734,97.911,315.81,47.57
1756,544.73,171.22,10.81,47.88,3,3,1,48,3.4521,97.306,284.28,46.08
1757,517.53,185.72,50.73,59.6,2,2,1,47,3.726,97.245,318.41,53.52
1758,537.15,199.29,23.36,36.48,0,0,1,47,3.5141,97.962,357.82,49.64
1759,549.02,186.94,120.67,50.42,1,1,1,47,3.2215,99.48,305.51,50.56
1760,543.67,184.84,4.2,63.46,4,0,0,49,3.3338,98.422,307.91,39.36
1761,549.52,187.25,32.24,152.93,1,3,1,48,3.4704,98.554,341.16,50.59
1762,533.36,184.92,112.83,85.98,3,3,1,50,3.6186,98.178,337.71,44.03
1763,521.36,179.31,105.51,344.96,0,3,1,49,3.3319,98.656,296.41,41.54
1764,491.16,190.76,7.66,5.13,4,4,1,49,3.7858,99.392,325.14,33.27
1765,515.57,186.58,20.55,83.92,2,0,1,50,3.3911,98.472,245.04,51.57
1766,504.82,185.12,43.44,105.31,2,0,1,47,3.5195,97.163,287.91,43.58
1767,559.08,178.17,7.81,303.38,2,1,1,42,3.2114,98.232,333.54,44.39
1768,516.83,194.12,154.92,6.05,4,2,1,49,3.7309,99.482,298.78,46.61
1769,522.22,189.65,110.8,102.26,5,2,0,46,3.6733,97.969,305.59,54.31
1770,529.93,181.13,8.22,230.59,1,2,1,49,3.3173,98.485,289.66,43.87
1771,520.78,192.01,5.81,33.24,2,2,1,47,3.7599,97.267,286.14,44.92
1772,550.51,181.52,4.02,250.78,0,0,1,47,3.3895,97.353,255.08,49.84
1773,508.79,179.53,108.08,2.31,3,2,1,45,3.6153,99.187,302.01,43.6
1774,523.5,179.68,9.68,158.22,3,0,1,49,3.6914,97.751,320.24,40.84
1775,506.64,172.6,24.23,324.57,8,1,1,48,3.6445,97.764,315.43,34.06
1776,496.24,188.3,26.81,128.47,6,1,1,49,3.7505,97.968,291.7,51.68
1777,508.99,172.18,41.12,69.37,4,0,1,48,3.7186,99.416,278.56,46.19
1778,519.33,176.4,3.35,5.51,3,1,1,45,3.7968,97.211,301.77,47.73
1779,512.27,170.47,11.57,303.26,1,2,1,46,3.3096,99.047,280.76,42.57
1780,507.54,184.4,120.64,76.25,3,2,1,47,3.3829,97.854,293.11,48.4
1781,494.69,183.95,107.57,3.53,3,1,1,48,3.5817,99.124,312.84,42.08
1782,518.5,182.71,68.4,140.47,2,3,1,46,3.6398,99.479,290.83,45.81
1783,492.92,177.7,0.88,78.9,3,0,1,48,3.5208,97.872,338.3,45.54
1784,533.68,176.79,17.82,15.93,1,3,1,49,3.2444,97.323,286.99,50.65
1785,521.48,188.25,44.49,28.94,3,0,1,46,3.705,97.361,296.69,48.24
1786,493.76,181.15,14.48,8.0,2,2,1,48,3.7765,98.897,328.69,41.87
1787,514.43,187.21,108.15,102.48,0,0,1,50,3.4433,97.362,325.19,48.01
1788,506.46,178.8,45.22,116.75,5,3,1,49,3.3349,97.651,321.37,43.16
1789,525.75,186.27,3.36,84.56,2,1,1,47,3.2116,97.511,295.96,40.94
1790,544.13,194.12,107.86,203.86,2,4,1,47,3.3424,97.889,322.85,47.75
1791,486.25,189.1,142.4,236.8,0,3,1,49,3.62,97.186,327.43,45.97
1792,522.07,182.11,3.64,114.74,4,2,1,47,3.747,99.142,319.72,39.02
1793,517.12,186.8,34.2,1.54,1,0,1,46,3.2561,99.15,309.29,42.42
1794,532.08,183.32,16.27,142.58,5,2,1,45,3.532,98.032,322.7,48.73
1795,523.84,185.06,22.45,64.95,4,3,1,47,3.6173,98.53,308.33,46.95
1796,506.46,182.72,8.91,100.04,1,1,1,46,3.3658,98.605,318.89,47.16
1797,514.26,183.85,38.83,125.66,1,1,1,47,3.5419,98.873,311.64,54.23
1798,505.67,186.48,142.63,51.74,2,2,1,49,3.6291,98.302,276.76,49.98
1799,539.37,178.05,31.47,298.81,1,3,1,48,3.7026,98.276,297.16,44.42
1800,520.38,177.89,3.89,17.26,3,1,1,48,3.4715,98.578,355.77,42.98
1801,554.22,175.28,43.54,133.59,4,0,1,50,3.6487,98.758,267.38,41.6
1802,518.91,173.8,18.71,0.52,2,1,1,48,3.3811,97.867,344.15,42.7
1803,507.25,176.48,87.18,310.28,4,0,1,48,3.3278,97.826,323.76,37.0
1804,492.75,186.12,25.67,14.32,2,1,1,49,3.3124,97.674,310.75,38.92
1805,487.54,178.75,9.64,11.96,4,0,1,49,3.4153,98.372,273.03,48.29
1806,491.49,188.6,9.54,48.6,4,1,1,48,3.2215,97.9,309.97,52.67
1807,524.81,185.24,65.89,56.13,2,2,1,47,3.3698,98.351,293.58,45.28
1808,529.16,171.22,13.89,28.94,3,3,1,46,3.5913,98.015,336.16,41.49
1809,491.54,189.58,65.6,105.57,2,1,1,47,3.5888,99.092,295.33,27.98
1810,536.11,190.68,10.37,70.2,4,4,1,48,3.2441,97.183,303.93,53.52
1811,511.3,178.04,17.47,4.17,1,3,1,48,3.3724,98.431,315.42,38.31
1812,522.64,187.94,28.19,46.22,2,2,1,49,3.5417,98.439,295.82,37.64
1813,549.02,179.0,129.07,199.56,4,1,1,49,3.3911,97.959,331.09,43.51
1814,536.14,185.68,120.79,140.43,1,3,1,46,3.4508,98.053,303.49,44.79
1815,515.17,176.15,10.43,154.86,5,3,0,48,3.6277,99.0,268.62,45.05
1816,503.96,172.45,19.96,143.73,1,2,1,46,3.2056,97.702,313.32,40.73
1817,481.27,182.32,7.28,44.7,1,1,1,47,3.3658,99.179,327.76,47.08
1818,507.06,184.13,32.1,12.6,1,2,1,49,3.2854,99.241,341.64,42.39
1819,516.2,182.22,27.78,38.17,2,2,1,48,3.2766,98.627,322.16,42.52
1820,502.23,176.71,103.96,213.9,3,4,1,48,3.7754,98.932,335.37,43.61
1821,517.64,182.2,119.67,472.3,2,1,1,48,3.4259,98.532,320.8,41.62
1822,521.38,186.89,21.77,81.71,3,0,1,47,3.5163,98.313,288.89,38.73
1823,515.95,184.69,30.45,1.17,2,6,1,44,3.6403,99.417,292.81,39.05
1824,508.3,186.28,101.95,18.1,0,2,0,46,3.2285,97.707,259.43,39.47
1825,523.04,180.31,73.96,46.65,2,2,1,45,3.3446,97.385,305.23,47.28
1826,527.95,193.2,0.16,103.7,3,1,1,50,3.6993,97.719,324.36,47.0
1827,500.37,176.77,17.36,9.37,5,5,1,49,3.7172,98.537,275.29,43.66
1828,545.4,188.41,24.65,344.52,2,2,1,49,3.4238,97.463,338.47,43.9
1829,518.23,193.27,11.74,54.51,1,1,1,49,3.4249,99.272,307.74,50.84
1830,520.34,188.37,10.02,292.45,3,3,1,48,3.6541,98.028,290.28,47.57
1831,532.75,183.58,1.73,181.98,2,0,1,47,3.377,99.125,275.18,52.82
1832,524.2,181.3,46.4,168.99,4,1,0,48,3.2703,97.623,346.54,42.11
1833,537.16,192.25,13.7,111.99,3,3,1,45,3.3545,97.783,336.01,39.18
1834,525.17,175.04,2.42,118.27,3,5,1,45,3.4324,97.148,301.13,49.98
1835,508.98,178.21,11.82,121.93,1,2,1,49,3.2313,97.644,330.44,44.9
1836,526.51,182.22,72.86,118.9,0,1,1,46,3.4872,98.226,305.39,40.99
1837,499.41,193.66,85.82,96.82,8,2,1,48,3.644,99.365,296.7,47.44
1838,521.95,187.66,29.69,515.85,2,2,1,48,3.5082,97.972,295.63,41.47
1839,519.4,178.22,24.21,158.14,4,1,1,46,3.2431,98.599,304.89,48.44
1840,516.25,182.83,171.45,180.04,0,1,1,49,3.4641,98.069,301.23,47.43
1841,517.69,180.7,10.07,247.12,3,3,1,46,3.6253,97.117,311.35,43.87
1842,486.13,180.03,10.91,29.15,4,2,1,47,3.2349,98.259,345.38,36.57
1843,510.12,191.85,15.53,10.5,4,0,1,46,3.2359,97.165,360.12,40.38
1844,521.67,175.4,8.53,79.14,2,2,1,43,3.4224,99.209,283.54,52.59
1845,522.88,196.26,21.47,86.61,2,3,1,48,3.317,98.883,320.11,53.73
1846,501.5,190.8,108.78,212.06,4,1,1,49,3.7609,97.947,314.61,57.97
1847,542.78,192.64,42.99,70.39,0,2,1,49,3.5488,98.601,321.67,47.0
1848,504.41,181.76,23.89,101.51,4,1,1,48,3.3724,97.28,300.1,39.55
1849,537.45,183.95,122.6,89.86,0,1,1,49,3.6229,98.756,321.97,51.7
1850,527.69,174.97,2.24,4.67,3,1,1,46,3.425,99.057,279.65,43.68
1851,508.37,181.33,10.62,114.61,0,3,0,48,3.2793,99.054,384.41,41.59
1852,551.96,188.46,37.55,211.26,7,1,1,44,3.3423,97.711,316.39,46.67
1853,498.51,194.07,43.02,20.57,2,4,1,47,3.5856,97.659,326.06,54.48
1854,536.54,177.25,1.82,108.27,2,1,1,49,3.2311,98.303,285.4,44.47
1855,538.01,182.44,23.22,108.05,1,6,1,48,3.3636,99.419,294.71,45.09
1856,507.93,183.94,47.13,21.52,4,2,1,48,3.325,99.301,277.69,37.34
1857,545.06,175.23,53.89,15.81,6,1,1,48,3.3207,97.899,342.04,45.54
1858,515.5,189.14,45.74,469.75,2,1,1,48,3.6097,98.95,285.59,48.33
1859,525.2,179.93,17.39,60.05,1,2,1,50,3.6955,99.303,305.85,44.56
1860,524.69,183.63,4.42,30.96,1,2,1,47,3.6295,97.652,306.82,44.93
1861,517.58,181.84,25.07,22.55,0,2,0,48,3.5874,99.076,320.41,46.13
1862,534.59,179.47,6.2,132.17,4,4,1,46,3.7499,97.67,281.57,39.75
1863,534.28,184.95,132.72,112.82,1,1,1,46,3.235,97.858,328.91,33.61
1864,488.53,183.49,29.01,123.79,3,1,1,49,3.3005,97.497,337.39,44.48
1865,543.48,182.4,17.17,11.05,4,2,1,50,3.4486,98.268,295.48,43.87
1866,490.08,179.9,65.42,268.79,6,1,1,47,3.4235,99.108,309.19,47.85
1867,538.59,187.24,31.01,59.17,3,3,1,44,3.4508,98.32,323.78,56.99
1868,540.28,196.58,16.7,45.12,6,1,0,48,3.3239,97.309,315.62,51.48
1869,500.36,185.98,75.2,74.47,3,4,0,49,3.2897,97.629,288.01,34.72
1870,512.61,191.97,90.83,59.33,2,2,1,49,3.5055,98.407,325.43,57.6
1871,500.1,175.27,50.3,239.04,4,0,1,48,3.7568,98.458,343.28,48.32
1872,516.13,186.1,2.16,317.85,1,4,1,48,3.4352,98.442,343.21,43.68
1873,514.46,177.32,37.6,43.39,5,2,1,48,3.226,97.193,322.66,52.38
1874,534.03,174.66,64.84,239.36,4,1,1,47,3.6237,98.884,326.85,32.23
1875,543.59,179.82,6.6,182.53,1,2,1,49,3.3747,99.274,301.44,42.28
1876,545.12,193.34,11.68,320.5,2,0,1,50,3.3471,98.276,289.82,45.99
1877,509.88,191.65,96.36,33.84,2,0,1,48,3.3946,98.797,308.49,45.34
1878,516.23,186.7,0.91,103.23,3,4,1,46,3.6343,99.285,359.82,52.57
1879,489.7,174.27,62.88,38.51,1,1,1,48,3.6913,98.607,298.32,50.9
1880,505.49,183.63,28.89,208.54,4,1,1,44,3.5528,98.686,319.56,48.41
1881,537.37,187.11,26.64,0.64,1,1,0,48,3.3935,98.804,318.31,43.62
1882,549.08,186.23,0.32,99.84,3,4,1,49,3.3863,97.651,301.76,49.81
1883,497.78,172.09,77.02,49.72,5,1,1,49,3.2746,98.457,342.64,42.01
1884,509.34,178.77,20.07,46.75,1,6,1,47,3.76,99.105,344.95,48.86
1885,519.52,184.55,35.02,124.24,0,2,1,48,3.5829,97.74,368.68,41.36
1886,525.04,188.75,50.9,228.85,4,1,1,47,3.2162,99.243,292.44,46.47
1887,505.43,169.63,54.57,112.75,2,1,1,47,3.5974,98.551,318.96,37.72
1888,527.63,183.87,140.54,230.22,2,3,1,47,3.4683,98.058,311.95,50.18
1889,511.47,186.0,34.1,36.88,4,2,1,50,3.7835,98.558,294.9,42.78
1890,519.74,190.95,22.97,87.95,2,1,1,46,3.6914,98.005,295.34,38.15
1891,529.83,189.85,138.27,71.86,1,2,1,48,3.3028,99.095,313.67,40.18
1892,520.12,189.08,46.24,1.41,2,1,1,48,3.6321,98.206,299.73,43.47
1893,512.15,179.4,15.93,97.65,0,0,0,48,3.4913,99.253,288.45,40.44
1894,518.03,171.64,6.08,130.0,2,1,1,47,3.3122,98.275,312.72,48.6
1895,518.41,182.25,83.19,107.55,2,2,0,49,3.6192,98.651,285.66,43.61
1896,513.34,192.01,20.24,159.94,0,1,1,48,3.5284,99.494,299.74,49.67
1897,515.34,194.75,48.61,101.65,1,2,1,48,3.2182,97.367,317.96,43.59
1898,548.78,189.97,28.64,8.29,3,2,1,48,3.588,98.842,307.03,48.59
1899,530.1,188.01,9.98,14.86,0,1,0,49,3.581,97.347,304.34,45.04
1900,514.68,187.66,41.42,108.9,1,0,1,49,3.2865,99.097,349.79,43.7
1901,532.55,181.11,2.82,38.59,1,2,1,49,3.4094,98.491,340.86,39.8
1902,513.99,184.09,24.0,9.96,3,3,1,48,3.5515,99.345,311.81,45.34
1903,541.12,196.68,35.6,67.37,5,1,0,46,3.2833,99.165,287.69,48.68
1904,526.65,178.4,25.78,96.98,2,5,1,49,3.7116,97.187,327.84,41.56
1905,518.07,196.3,62.14,47.83,4,2,1,48,3.2165,97.343,365.58,44.94
1906,528.06,182.75,79.19,152.94,3,1,1,48,3.2617,98.503,340.03,42.24
1907,491.72,194.28,66.38,123.86,1,1,1,46,3.2697,98.296,281.4,54.68
1908,499.72,175.15,1.78,48.56,3,2,1,50,3.5169,97.421,305.65,46.56
1909,498.51,189.1,9.71,168.72,4,1,1,49,3.5721,97.323,293.87,45.45
1910,522.57,179.84,34.61,125.53,0,1,1,49,3.4422,98.41,289.63,42.57
1911,551.19,175.09,122.88,121.75,1,0,1,43,3.3732,97.122,334.97,49.42
1912,560.16,186.53,81.07,96.74,1,2,1,47,3.6856,99.184,334.51,45.0
1913,531.48,192.07,83.18,1.37,1,2,1,49,3.241,99.018,349.06,44.68
1914,529.02,179.09,16.26,143.09,3,0,1,49,3.3682,98.963,324.92,44.63
1915,487.58,174.51,25.25,56.6,1,1,1,49,3.2235,97.04,309.01,39.47
1916,510.23,184.36,28.63,342.95,5,3,1,49,3.2083,97.119,314.13,52.48
1917,505.82,184.39,7.71,204.44,0,1,1,46,3.412,98.375,290.08,49.6
1918,508.82,188.84,1.42,106.32,2,2,1,48,3.3169,99.486,340.14,45.04
1919,516.97,191.65,132.1,34.87,2,1,1,47,3.361,97.856,293.69,44.48
1920,511.5,184.58,12.39,27.34,2,0,1,48,3.6926,97.861,301.01,40.59
1921,484.37,197.99,12.35,49.93,4,3,1,47,3.2978,97.336,303.32,37.62
1922,533.46,186.57,3.92,77.68,2,1,1,49,3.6681,98.686,242.44,40.6
1923,500.69,182.58,118.72,42.13,2,5,1,48,3.605,98.617,329.09,50.72
1924,524.31,173.72,39.01,86.82,1,5,1,47,3.3959,97.253,289.15,43.07
1925,557.33,183.16,49.49,21.69,2,0,1,49,3.5279,98.169,325.17,50.41
1926,503.45,182.65,109.15,456.45,1,3,1,47,3.4667,98.668,300.13,44.85
1927,474.45,191.72,19.08,13.7,3,3,1,46,3.277,98.234,299.94,40.66
1928,514.85,188.24,43.72,322.49,1,3,1,49,3.7443,98.686,285.57,41.33
1929,539.82,176.74,1.78,293.82,4,0,1,45,3.5418,99.041,340.55,46.23
1930,555.25,186.21,9.3,89.42,1,0,1,49,3.7281,98.715,345.45,36.9
1931,497.87,189.7,80.07,154.88,1,1,1,48,3.6943,98.54,332.0,41.16
1932,528.94,195.7,65.51,68.73,3,1,1,47,3.2479,99.134,315.83,42.73
1933,511.62,191.21,19.43,119.32,1,2,1,47,3.3244,99.251,312.99,49.1
1934,518.09,190.33,21.28,49.97,2,6,1,49,3.2872,97.972,333.91,46.41
1935,567.6,185.42,34.32,43.0,3,0,1,46,3.6985,97.433,307.23,45.94
1936,492.95,187.72,0.01,103.6,8,1,1,44,3.7175,99.045,338.99,47.32
1937,524.57,193.75,12.42,82.73,1,0,1,49,3.5168,97.534,288.82,50.17
1938,528.42,175.67,10.51,103.97,3,0,1,46,3.2625,99.322,331.59,45.25
1939,539.54,182.55,12.97,40.54,1,3,1,47,3.2814,97.057,338.27,39.83
1940,521.76,179.59,73.77,54.87,3,1,1,45,3.6881,99.303,285.84,45.94
1941,525.54,187.65,14.76,10.52,3,3,1,49,3.7575,98.473,291.54,40.8
1942,512.95,193.61,9.57,6.44,1,2,1,46,3.3197,98.937,309.02,34.65
1943,524.84,180.82,31.58,35.08,4,2,1,50,3.2067,97.996,319.31,45.94
1944,513.82,168.27,90.33,9.26,4,1,1,46,3.3986,99.479,296.41,47.58
1945,531.19,182.11,12.43,13.15,0,1,1,47,3.2183,97.569,312.03,46.73
1946,513.35,191.39,3.68,201.15,4,2,1,48,3.6968,97.661,264.54,47.53
1947,526.79,188.76,19.83,4.76,0,1,1,49,3.4949,97.129,326.83,50.57
1948,519.47,188.0,61.96,129.08,0,1,1,46,3.5851,99.351,327.86,40.15
1949,540.27,183.04,36.0,38.19,1,3,1,47,3.4469,98.14,343.46,43.06
1950,519.07,176.05,76.37,246.26,2,2,0,48,3.4073,98.687,322.62,38.56
1951,488.09,188.61,144.39,79.63,3,2,1,48,3.3333,98.719,301.86,47.25
1952,542.71,179.16,70.8,43.76,2,1,1,46,3.6623,99.186,287.68,51.14
1953,503.7,200.29,41.66,87.49,3,2,1,48,3.6173,98.662,292.11,42.28
1954,508.23,188.99,30.6,57.74,3,3,1,49,3.4164,98.405,308.05,48.61
1955,509.28,180.94,1.84,99.7,0,1,1,45,3.3927,98.776,291.37,41.15
1956,544.74,180.72,187.0,14.6,1,2,1,48,3.2007,98.877,293.09,48.23
1957,481.56,184.35,21.76,696.72,1,3,1,48,3.2381,97.465,309.17,33.83
1958,576.48,183.32,7.43,66.52,1,1,1,49,3.574,97.274,274.54,52.61
1959,539.01,192.82,49.44,51.37,2,3,1,45,3.5088,97.187,288.2,39.55
1960,524.02,186.3,15.05,148.63,4,1,1,49,3.4609,97.935,314.81,45.84
1961,519.01,179.88,39.66,54.29,3,6,1,47,3.6965,98.245,315.86,52.02
1962,525.14,198.23,39.77,214.97,5,3,1,46,3.5023,98.539,329.03,39.16
1963,529.38,185.35,26.55,72.68,0,1,1,50,3.4307,99.395,313.41,53.8
1964,531.61,190.38,81.39,152.57,3,1,1,46,3.2968,97.827,310.68,55.52
1965,530.0,180.74,13.85,13.64,1,1,1,48,3.6924,98.902,324.01,48.44
1966,521.61,187.54,26.79,224.59,2,2,1,47,3.5457,98.328,314.19,45.08
1967,516.45,187.18,34.72,159.69,1,1,1,48,3.2555,97.55,288.61,44.08
1968,517.28,171.77,49.03,28.55,1,2,1,47,3.5893,98.538,292.41,47.87
1969,516.49,199.11,68.96,18.84,3,3,1,49,3.455,99.418,346.88,48.73
1970,540.41,194.03,22.6,45.63,2,5,1,50,3.6868,97.311,380.77,34.93
1971,530.68,182.22,46.74,447.92,3,2,1,45,3.7513,98.268,326.19,43.58
1972,467.07,177.28,7.35,35.62,3,0,1,50,3.5603,97.129,287.81,42.08
1973,531.81,187.43,121.4,73.08,1,0,0,46,3.639,97.803,351.78,41.35
1974,523.51,185.61,21.73,3.66,4,1,1,49,3.234,98.552,300.53,41.45
1975,519.66,187.49,58.84,60.75,3,1,1,48,3.5362,99.103,319.35,38.53
1976,513.01,186.34,0.92,101.65,3,2,1,46,3.6532,98.826,309.55,52.75
1977,540.23,188.54,10.33,367.23,3,0,1,49,3.4981,98.157,314.09,42.06
1978,537.06,195.13,30.04,87.26,6,1,1,46,3.5561,99.273,300.31,44.28
1979,506.09,188.98,94.76,205.18,3,2,1,48,3.7394,97.757,338.55,43.44
1980,527.33,177.65,33.71,95.06,4,1,1,48,3.3189,98.885,305.94,42.26
1981,502.51,194.54,119.58,5.0,5,2,1,47,3.2589,98.185,323.48,47.08
1982,495.17,196.48,29.76,45.4,1,2,1,48,3.6144,99.247,323.0,43.44
1983,508.72,207.06,30.34,102.84,4,2,1,48,3.6937,98.994,307.57,48.03
1984,535.52,177.14,5.74,360.92,0,4,1,47,3.7103,99.254,276.9,52.85
1985,537.16,186.7,73.03,235.19,1,3,1,48,3.585,97.536,291.8,39.5
1986,529.24,170.43,12.76,31.11,3,0,1,49,3.6999,98.67,325.66,46.61
1987,533.05,188.87,103.44,29.83,2,3,1,46,3.6204,98.846,316.76,46.47
1988,529.29,181.16,108.77,26.95,3,0,1,46,3.2524,98.856,292.07,39.12
1989,508.45,198.46,129.16,306.9,7,5,1,48,3.6572,98.26,310.96,48.23
1990,527.77,179.58,33.05,229.81,5,3,1,48,3.3076,97.028,314.61,43.69
1991,534.41,173.18,50.87,178.94,3,1,1,47,3.342,97.654,322.82,52.9
1992,533.58,181.7,67.83,59.85,3,3,1,48,3.4368,97.808,350.05,50.0
1993,541.4,171.17,6.32,84.23,3,0,1,48,3.3887,99.13,259.78,45.0
1994,532.75,190.26,41.34,74.91,1,3,1,43,3.393,99.102,336.64,43.92
1995,526.33,170.54,1.57,35.07,4,3,1,49,3.3016,97.262,314.78,53.66
1996,539.26,185.2,30.97,84.39,5,0,1,47,3.3763,99.375,287.33,42.1
1997,519.52,170.46,7.57,3.72,5,0,1,46,3.2118,97.456,313.63,46.32
1998,504.13,182.76,9.09,16.96,1,1,1,47,3.4837,98.036,341.82,44.67
1999,517.06,196.5,20.44,261.21,1,1,1,46,3.6612,97.538,348.41,50.97
2000,506.59,187.52,25.49,167.16,0,1,1,48,3.7173,99.151,287.53,51.36
